date,AWND,PRCP,TMAX,TMIN,daily_consumption,is_low_consumption_outlier,year,month,day_of_week,day_of_year,is_weekend,temperature_range,temperature_mean,heating_degree_days,cooling_degree_days
2006-12-16,2.5,0.0,10.6,5.0,1209.176,False,2006,12,5,350,True,5.6,7.8,10.2,0.0
2006-12-17,2.6,0.0,13.3,5.6,3390.46,False,2006,12,6,351,True,7.700000000000001,9.45,8.55,0.0
2006-12-18,2.4,0.0,15.0,6.7,2203.826,False,2006,12,0,352,False,8.3,10.85,7.15,0.0
2006-12-19,2.4,0.0,7.2,2.2,1666.194,False,2006,12,1,353,False,5.0,4.7,13.3,0.0
2006-12-20,2.4,0.0,7.2,1.1,2225.748,False,2006,12,2,354,False,6.1,4.15,13.85,0.0
2006-12-21,2.3,0.0,12.2,3.3,1716.624,False,2006,12,3,355,False,8.899999999999999,7.75,10.25,0.0
2006-12-22,2.3,11.9,9.4,3.9,2341.338,False,2006,12,4,356,False,5.5,6.65,11.35,0.0
2006-12-23,3.0,19.8,15.0,8.9,4773.386,False,2006,12,5,357,True,6.1,11.95,6.050000000000001,0.0
2006-12-24,3.4,0.0,11.1,6.1,2550.012,False,2006,12,6,358,True,5.0,8.6,9.4,0.0
2006-12-25,2.2,9.4,7.2,3.9,2743.12,False,2006,12,0,359,False,3.3000000000000003,5.55,12.45,0.0
2006-12-26,3.3,2.0,11.7,6.1,3934.11,False,2006,12,1,360,False,5.6,8.899999999999999,9.100000000000001,0.0
2006-12-27,3.4,0.0,6.1,3.3,1528.76,False,2006,12,2,361,False,2.8,4.699999999999999,13.3,0.0
2006-12-28,2.3,0.0,8.9,2.2,2072.638,False,2006,12,3,362,False,6.7,5.550000000000001,12.45,0.0
2006-12-29,2.1,0.0,8.9,2.8,3174.392,False,2006,12,4,363,False,6.1000000000000005,5.85,12.15,0.0
2006-12-30,2.1,0.0,8.3,1.1,2789.302,False,2006,12,5,364,True,7.200000000000001,4.7,13.3,0.0
2006-12-31,2.1,0.0,7.2,0.6,3494.196,False,2006,12,6,365,True,6.6000000000000005,3.9,14.1,0.0
2007-01-01,1.7,38.6,13.3,7.2,2749.004,False,2007,1,0,1,False,6.1000000000000005,10.25,7.75,0.0
2007-01-02,3.8,0.0,10.0,5.0,1269.236,False,2007,1,1,2,False,5.0,7.5,10.5,0.0
2007-01-03,2.6,0.0,11.1,3.3,1014.054,False,2007,1,2,3,False,7.8,7.199999999999999,10.8,0.0
2007-01-04,3.6,0.0,13.3,6.1,3259.412,False,2007,1,3,4,False,7.200000000000001,9.7,8.3,0.0
2007-01-05,2.6,0.8,16.7,11.7,2713.364,False,2007,1,4,5,False,5.0,14.2,3.8000000000000007,0.0
2007-01-06,3.4,0.3,22.2,12.2,1508.378,False,2007,1,5,6,True,10.0,17.2,0.8000000000000007,0.0
2007-01-07,2.7,4.3,12.2,6.7,2447.62,False,2007,1,6,7,True,5.499999999999999,9.45,8.55,0.0
2007-01-08,3.6,31.8,13.3,3.3,2241.36,False,2007,1,0,8,False,10.0,8.3,9.7,0.0
2007-01-09,3.1,0.0,6.7,1.1,1869.054,False,2007,1,1,9,False,5.6,3.9000000000000004,14.1,0.0
2007-01-10,3.6,0.0,2.2,-1.7,2154.8,False,2007,1,2,10,False,3.9000000000000004,0.2500000000000001,17.75,0.0
2007-01-11,2.6,0.0,3.3,-3.3,2255.194,False,2007,1,3,11,False,6.6,0.0,18.0,0.0
2007-01-12,3.4,0.3,8.9,2.8,1461.296,False,2007,1,4,12,False,6.1000000000000005,5.85,12.15,0.0
2007-01-13,2.6,1.5,13.3,7.2,3186.814,False,2007,1,5,13,True,6.1000000000000005,10.25,7.75,0.0
2007-01-14,1.9,2.3,7.8,5.0,3007.816,False,2007,1,6,14,True,2.8,6.4,11.6,0.0
2007-01-15,1.7,1.5,13.9,4.4,2148.678,False,2007,1,0,15,False,9.5,9.15,8.85,0.0
2007-01-16,4.3,0.0,12.8,-5.6,1686.404,False,2007,1,1,16,False,18.4,3.6000000000000005,14.399999999999999,0.0
2007-01-17,2.9,0.0,-1.7,-7.2,2847.688,False,2007,1,2,17,False,5.5,-4.45,22.45,0.0
2007-01-18,1.4,2.3,2.8,-3.9,1821.462,False,2007,1,3,18,False,6.699999999999999,-0.55,18.55,0.0
2007-01-19,3.4,2.3,5.0,-0.6,1480.44,False,2007,1,4,19,False,5.6,2.2,15.8,0.0
2007-01-20,5.1,0.3,0.0,-6.1,3133.732,False,2007,1,5,20,True,6.1,-3.05,21.05,0.0
2007-01-21,1.6,0.0,-1.7,-7.2,3407.262,False,2007,1,6,21,True,5.5,-4.45,22.45,0.0
2007-01-22,0.8,0.0,0.6,-2.8,2180.494,False,2007,1,0,22,False,3.4,-1.0999999999999999,19.1,0.0
2007-01-23,2.8,0.0,2.2,-2.2,1777.64,False,2007,1,1,23,False,4.4,0.0,18.0,0.0
2007-01-24,2.6,0.0,4.4,0.0,2987.854,False,2007,1,2,24,False,4.4,2.2,15.8,0.0
2007-01-25,2.2,0.3,1.1,-9.4,1596.344,False,2007,1,3,25,False,10.5,-4.15,22.15,0.0
2007-01-26,1.0,0.0,-5.6,-12.8,1617.972,False,2007,1,4,26,False,7.200000000000001,-9.2,27.2,0.0
2007-01-27,1.7,0.3,5.0,-6.7,2044.072,False,2007,1,5,27,True,11.7,-0.8500000000000001,18.85,0.0
2007-01-28,1.7,1.3,5.0,-1.1,3090.204,False,2007,1,6,28,True,6.1,1.95,16.05,0.0
2007-01-29,3.9,0.3,-1.1,-6.1,1982.664,False,2007,1,0,29,False,5.0,-3.5999999999999996,21.6,0.0
2007-01-30,2.2,2.5,1.7,-6.1,1707.798,False,2007,1,1,30,False,7.8,-2.1999999999999997,20.2,0.0
2007-01-31,3.6,1.5,0.6,-3.9,2363.752,False,2007,1,2,31,False,4.5,-1.65,19.65,0.0
2007-02-01,2.4,0.0,1.1,-3.3,1824.76,False,2007,2,3,32,False,4.4,-1.0999999999999999,19.1,0.0
2007-02-02,1.5,5.8,3.3,0.0,1667.736,False,2007,2,4,33,False,3.3,1.65,16.35,0.0
2007-02-03,3.9,0.0,1.7,-5.0,4029.722,False,2007,2,5,34,True,6.7,-1.65,19.65,0.0
2007-02-04,4.5,0.0,-2.2,-8.3,3595.94,False,2007,2,6,35,True,6.1000000000000005,-5.25,23.25,0.0
2007-02-05,5.0,0.0,-7.8,-13.3,1645.28,False,2007,2,0,36,False,5.500000000000001,-10.55,28.55,0.0
2007-02-06,4.0,0.0,-3.9,-11.7,1273.48,False,2007,2,1,37,False,7.799999999999999,-7.8,25.8,0.0
2007-02-07,3.4,0.0,-3.9,-11.1,2328.018,False,2007,2,2,38,False,7.199999999999999,-7.5,25.5,0.0
2007-02-08,3.8,0.0,-2.2,-10.0,1801.414,False,2007,2,3,39,False,7.8,-6.1,24.1,0.0
2007-02-09,4.8,0.0,0.0,-7.8,1620.198,False,2007,2,4,40,False,7.8,-3.9,21.9,0.0
2007-02-10,2.9,0.0,0.6,-5.0,2829.328,False,2007,2,5,41,True,5.6,-2.2,20.2,0.0
2007-02-11,2.6,0.0,0.6,-7.2,3571.228,False,2007,2,6,42,True,7.8,-3.3000000000000003,21.3,0.0
2007-02-12,2.6,0.0,4.4,-2.2,1877.61,False,2007,2,0,43,False,6.6000000000000005,1.1,16.9,0.0
2007-02-13,3.6,0.8,0.0,-5.6,1414.546,False,2007,2,1,44,False,5.6,-2.8,20.8,0.0
2007-02-14,6.2,23.9,-1.7,-8.9,2498.672,False,2007,2,2,45,False,7.2,-5.3,23.3,0.0
2007-02-15,4.7,0.0,-4.4,-9.4,1985.346,False,2007,2,3,46,False,5.0,-6.9,24.9,0.0
2007-02-16,4.4,0.0,-1.7,-10.0,1702.528,False,2007,2,4,47,False,8.3,-5.85,23.85,0.0
2007-02-17,2.9,0.0,1.7,-7.2,2076.912,False,2007,2,5,48,True,8.9,-2.75,20.75,0.0
2007-02-18,3.4,0.0,1.1,-7.8,3829.762,False,2007,2,6,49,True,8.9,-3.3499999999999996,21.35,0.0
2007-02-19,4.3,0.0,-1.1,-11.1,2186.614,False,2007,2,0,50,False,10.0,-6.1,24.1,0.0
2007-02-20,2.7,2.5,8.3,-1.7,3149.928,False,2007,2,1,51,False,10.0,3.3000000000000003,14.7,0.0
2007-02-21,1.3,0.3,9.4,3.9,2072.874,False,2007,2,2,52,False,5.5,6.65,11.35,0.0
2007-02-22,2.4,5.3,7.2,2.2,3369.478,False,2007,2,3,53,False,5.0,4.7,13.3,0.0
2007-02-23,5.2,0.0,3.9,-5.6,1313.48,False,2007,2,4,54,False,9.5,-0.8499999999999999,18.85,0.0
2007-02-24,4.3,0.0,5.6,-6.7,714.922,False,2007,2,5,55,True,12.3,-0.5500000000000003,18.55,0.0
2007-02-25,1.8,4.8,2.8,-4.4,501.74,False,2007,2,6,56,True,7.2,-0.8000000000000003,18.8,0.0
2007-02-26,2.5,7.1,2.2,-1.1,568.484,False,2007,2,0,57,False,3.3000000000000003,0.55,17.45,0.0
2007-02-27,0.9,0.0,6.1,1.1,518.112,False,2007,2,1,58,False,5.0,3.5999999999999996,14.4,0.0
2007-02-28,2.2,0.0,7.8,1.7,520.774,False,2007,2,2,59,False,6.1,4.75,13.25,0.0
2007-03-01,2.0,3.6,7.8,0.6,517.564,False,2007,3,3,60,False,7.2,4.2,13.8,0.0
2007-03-02,3.2,61.2,14.4,1.7,515.688,False,2007,3,4,61,False,12.700000000000001,8.05,9.95,0.0
2007-03-03,2.1,0.0,15.0,4.4,819.122,False,2007,3,5,62,True,10.6,9.7,8.3,0.0
2007-03-04,3.9,0.0,4.4,0.6,2090.7,False,2007,3,6,63,True,3.8000000000000003,2.5,15.5,0.0
2007-03-05,4.5,0.0,5.0,-6.1,2660.332,False,2007,3,0,64,False,11.1,-0.5499999999999998,18.55,0.0
2007-03-06,5.5,0.0,-6.1,-11.7,1246.5,False,2007,3,1,65,False,5.6,-8.899999999999999,26.9,0.0
2007-03-07,1.8,1.0,-5.0,-11.1,2375.206,False,2007,3,2,66,False,6.1,-8.05,26.05,0.0
2007-03-08,3.3,0.0,1.1,-7.8,1572.132,False,2007,3,3,67,False,8.9,-3.3499999999999996,21.35,0.0
2007-03-09,2.0,0.0,1.7,-10.6,1272.612,False,2007,3,4,68,False,12.299999999999999,-4.45,22.45,0.0
2007-03-10,2.1,1.8,13.9,0.0,2484.712,False,2007,3,5,69,True,13.9,6.95,11.05,0.0
2007-03-11,3.0,4.1,10.0,3.3,3480.636,False,2007,3,6,70,True,6.7,6.65,11.35,0.0
2007-03-12,1.7,0.0,13.9,2.2,1950.668,False,2007,3,0,71,False,11.7,8.05,9.95,0.0
2007-03-13,1.3,0.0,13.9,6.1,1290.144,False,2007,3,1,72,False,7.800000000000001,10.0,8.0,0.0
2007-03-14,1.6,0.0,21.1,7.8,1793.364,False,2007,3,2,73,False,13.3,14.450000000000001,3.549999999999999,0.0
2007-03-15,2.8,8.1,19.4,2.2,1884.814,False,2007,3,3,74,False,17.2,10.799999999999999,7.200000000000001,0.0
2007-03-16,5.5,51.6,2.2,-3.3,1702.054,False,2007,3,4,75,False,5.5,-0.5499999999999998,18.55,0.0
2007-03-17,3.9,0.8,3.3,-3.9,2028.09,False,2007,3,5,76,True,7.199999999999999,-0.30000000000000004,18.3,0.0
2007-03-18,4.3,0.0,3.9,-2.8,2371.046,False,2007,3,6,77,True,6.699999999999999,0.55,17.45,0.0
2007-03-19,2.9,0.0,6.1,-1.1,2152.518,False,2007,3,0,78,False,7.199999999999999,2.5,15.5,0.0
2007-03-20,3.4,0.0,10.0,0.6,2086.228,False,2007,3,1,79,False,9.4,5.3,12.7,0.0
2007-03-21,3.0,0.0,4.4,-3.3,2142.092,False,2007,3,2,80,False,7.7,0.5500000000000003,17.45,0.0
2007-03-22,2.9,0.5,19.4,4.4,1454.978,False,2007,3,3,81,False,14.999999999999998,11.899999999999999,6.100000000000001,0.0
2007-03-23,1.6,2.3,16.1,10.6,1309.008,False,2007,3,4,82,False,5.500000000000002,13.350000000000001,4.649999999999999,0.0
2007-03-24,2.6,0.8,12.2,5.6,2968.43,False,2007,3,5,83,True,6.6,8.899999999999999,9.100000000000001,0.0
2007-03-25,2.6,0.0,12.2,3.3,3336.124,False,2007,3,6,84,True,8.899999999999999,7.75,10.25,0.0
2007-03-26,2.6,0.0,12.2,3.9,1416.082,False,2007,3,0,85,False,8.299999999999999,8.049999999999999,9.950000000000001,0.0
2007-03-27,2.4,0.3,25.6,10.0,1105.14,False,2007,3,1,86,False,15.600000000000001,17.8,0.1999999999999993,0.0
2007-03-28,2.6,0.0,18.3,7.2,2333.898,False,2007,3,2,87,False,11.100000000000001,12.75,5.25,0.0
2007-03-29,2.7,0.0,13.9,3.3,1590.406,False,2007,3,3,88,False,10.600000000000001,8.6,9.4,0.0
2007-03-30,1.7,0.0,20.0,3.9,1402.394,False,2007,3,4,89,False,16.1,11.95,6.050000000000001,0.0
2007-03-31,2.2,0.0,15.6,6.1,3509.51,False,2007,3,5,90,True,9.5,10.85,7.15,0.0
2007-04-01,2.4,1.5,10.0,5.6,2785.952,False,2007,4,6,91,True,4.4,7.8,10.2,0.0
2007-04-02,1.9,1.5,13.3,5.6,1960.778,False,2007,4,0,92,False,7.700000000000001,9.45,8.55,0.0
2007-04-03,2.1,0.0,17.2,5.6,1642.82,False,2007,4,1,93,False,11.6,11.399999999999999,6.600000000000001,0.0
2007-04-04,3.2,21.6,5.6,4.4,2051.868,False,2007,4,2,94,False,1.1999999999999993,5.0,13.0,0.0
2007-04-05,4.1,0.0,6.7,1.1,1844.078,False,2007,4,3,95,False,5.6,3.9000000000000004,14.1,0.0
2007-04-06,2.4,0.0,5.6,-0.6,1601.14,False,2007,4,4,96,False,6.199999999999999,2.5,15.5,0.0
2007-04-07,2.8,0.0,6.1,-0.6,1553.924,False,2007,4,5,97,True,6.699999999999999,2.75,15.25,0.0
2007-04-08,3.7,0.0,5.0,-1.1,1608.816,False,2007,4,6,98,True,6.1,1.95,16.05,0.0
2007-04-09,2.9,0.0,9.4,0.0,1000.92,False,2007,4,0,99,False,9.4,4.7,13.3,0.0
2007-04-10,2.7,0.0,10.6,0.6,777.364,False,2007,4,1,100,False,10.0,5.6,12.4,0.0
2007-04-11,2.1,0.0,10.0,2.2,887.482,False,2007,4,2,101,False,7.8,6.1,11.9,0.0
2007-04-12,3.6,35.1,6.7,3.9,537.706,False,2007,4,3,102,False,2.8000000000000003,5.3,12.7,0.0
2007-04-13,4.5,0.0,9.4,5.6,551.022,False,2007,4,4,103,False,3.8000000000000007,7.5,10.5,0.0
2007-04-14,2.5,0.0,13.3,4.4,554.268,False,2007,4,5,104,True,8.9,8.850000000000001,9.149999999999999,0.0
2007-04-15,3.2,192.3,12.8,4.4,726.164,False,2007,4,6,105,True,8.4,8.600000000000001,9.399999999999999,0.0
2007-04-16,3.3,22.9,8.9,3.3,952.39,False,2007,4,0,106,False,5.6000000000000005,6.1,11.9,0.0
2007-04-17,4.2,1.0,10.6,5.6,1223.734,False,2007,4,1,107,False,5.0,8.1,9.9,0.0
2007-04-18,3.3,0.0,10.6,5.6,998.246,False,2007,4,2,108,False,5.0,8.1,9.9,0.0
2007-04-19,2.3,0.3,16.1,7.2,1028.658,False,2007,4,3,109,False,8.900000000000002,11.65,6.35,0.0
2007-04-20,2.4,0.0,21.7,6.7,822.58,False,2007,4,4,110,False,15.0,14.2,3.8000000000000007,0.0
2007-04-21,1.0,0.0,26.1,7.2,1673.656,False,2007,4,5,111,True,18.900000000000002,16.650000000000002,1.3499999999999979,0.0
2007-04-22,1.4,0.0,25.6,12.8,2233.714,False,2007,4,6,112,True,12.8,19.200000000000003,0.0,1.2000000000000028
2007-04-23,2.8,0.0,30.0,14.4,1054.566,False,2007,4,0,113,False,15.6,22.2,0.0,4.199999999999999
2007-04-24,2.7,0.0,24.4,14.4,1032.1,False,2007,4,1,114,False,9.999999999999998,19.4,0.0,1.3999999999999986
2007-04-25,3.1,3.6,19.4,8.3,1264.162,False,2007,4,2,115,False,11.099999999999998,13.85,4.15,0.0
2007-04-26,2.1,0.0,16.1,7.8,1275.466,False,2007,4,3,116,False,8.3,11.950000000000001,6.049999999999999,0.0
2007-04-27,1.4,51.8,13.3,8.3,1094.332,False,2007,4,4,117,False,5.0,10.8,7.199999999999999,0.0
2007-04-28,1.8,0.0,21.7,12.2,22.738,True,2007,4,5,118,True,9.5,16.95,1.0500000000000007,0.0
2007-04-30,3.3,0.0,26.7,11.1,420.822,False,2007,4,0,120,False,15.6,18.9,0.0,0.8999999999999986
2007-05-01,1.6,8.1,21.7,10.6,1663.858,False,2007,5,1,121,False,11.1,16.15,1.8500000000000014,0.0
2007-05-02,1.7,2.5,20.0,10.0,1003.486,False,2007,5,2,122,False,10.0,15.0,3.0,0.0
2007-05-03,1.3,0.0,22.2,10.6,1090.238,False,2007,5,3,123,False,11.6,16.4,1.6000000000000014,0.0
2007-05-04,1.7,0.0,21.7,10.0,998.128,False,2007,5,4,124,False,11.7,15.85,2.1500000000000004,0.0
2007-05-05,2.0,0.0,22.8,10.6,1563.052,False,2007,5,5,125,True,12.200000000000001,16.7,1.3000000000000007,0.0
2007-05-06,3.3,0.0,17.2,7.8,2102.104,False,2007,5,6,126,True,9.399999999999999,12.5,5.5,0.0
2007-05-07,1.8,0.0,19.4,6.7,1643.664,False,2007,5,0,127,False,12.7,13.049999999999999,4.950000000000001,0.0
2007-05-08,1.1,0.0,22.2,8.3,1789.292,False,2007,5,1,128,False,13.899999999999999,15.25,2.75,0.0
2007-05-09,2.2,0.0,28.3,13.9,1665.736,False,2007,5,2,129,False,14.4,21.1,0.0,3.1000000000000014
2007-05-10,2.0,0.0,25.0,16.1,707.884,False,2007,5,3,130,False,8.899999999999999,20.55,0.0,2.5500000000000007
2007-05-11,0.8,4.8,25.0,15.6,979.154,False,2007,5,4,131,False,9.4,20.3,0.0,2.3000000000000007
2007-05-12,2.5,4.6,23.3,11.7,1441.566,False,2007,5,5,132,True,11.600000000000001,17.5,0.5,0.0
2007-05-13,3.0,0.0,20.0,9.4,1634.738,False,2007,5,6,133,True,10.6,14.7,3.3000000000000007,0.0
2007-05-14,2.5,0.0,21.1,9.4,1467.782,False,2007,5,0,134,False,11.700000000000001,15.25,2.75,0.0
2007-05-15,3.3,0.0,28.9,13.3,904.392,False,2007,5,1,135,False,15.599999999999998,21.1,0.0,3.1000000000000014
2007-05-16,2.6,21.1,29.4,15.0,1692.944,False,2007,5,2,136,False,14.399999999999999,22.2,0.0,4.199999999999999
2007-05-17,2.0,0.0,20.6,12.2,1231.816,False,2007,5,3,137,False,8.400000000000002,16.4,1.6000000000000014,0.0
2007-05-18,3.2,0.0,12.2,8.9,1631.53,False,2007,5,4,138,False,3.299999999999999,10.55,7.449999999999999,0.0
2007-05-19,1.7,5.3,13.9,10.0,1429.442,False,2007,5,5,139,True,3.9000000000000004,11.95,6.050000000000001,0.0
2007-05-20,2.9,0.5,23.9,10.6,1968.328,False,2007,5,6,140,True,13.299999999999999,17.25,0.75,0.0
2007-05-21,1.8,0.0,21.7,11.7,1120.062,False,2007,5,0,141,False,10.0,16.7,1.3000000000000007,0.0
2007-05-22,1.8,0.0,24.4,11.7,1132.852,False,2007,5,1,142,False,12.7,18.049999999999997,0.0,0.04999999999999716
2007-05-23,1.6,0.0,23.3,12.8,1464.936,False,2007,5,2,143,False,10.5,18.05,0.0,0.05000000000000071
2007-05-24,2.8,0.0,28.9,14.4,1154.388,False,2007,5,3,144,False,14.499999999999998,21.65,0.0,3.6499999999999986
2007-05-25,2.0,0.0,32.2,17.8,1614.22,False,2007,5,4,145,False,14.400000000000002,25.0,0.0,7.0
2007-05-26,1.8,0.0,29.4,21.7,1512.248,False,2007,5,5,146,True,7.699999999999999,25.549999999999997,0.0,7.549999999999997
2007-05-27,1.5,0.8,30.0,18.9,2153.808,False,2007,5,6,147,True,11.100000000000001,24.45,0.0,6.449999999999999
2007-05-28,1.8,0.0,28.3,19.4,1637.468,False,2007,5,0,148,False,8.900000000000002,23.85,0.0,5.850000000000001
2007-05-29,1.3,0.0,26.7,16.1,1061.34,False,2007,5,1,149,False,10.599999999999998,21.4,0.0,3.3999999999999986
2007-05-30,0.8,0.0,28.9,16.1,1609.866,False,2007,5,2,150,False,12.799999999999997,22.5,0.0,4.5
2007-05-31,2.0,0.0,32.8,17.8,938.55,False,2007,5,3,151,False,14.999999999999996,25.299999999999997,0.0,7.299999999999997
2007-06-01,1.3,0.0,31.1,17.8,1044.918,False,2007,6,4,152,False,13.3,24.450000000000003,0.0,6.450000000000003
2007-06-02,1.7,0.0,31.7,21.7,1484.362,False,2007,6,5,153,True,10.0,26.7,0.0,8.7
2007-06-03,2.1,41.1,26.1,17.2,2108.026,False,2007,6,6,154,True,8.900000000000002,21.65,0.0,3.6499999999999986
2007-06-04,2.4,58.2,21.1,15.6,911.618,False,2007,6,0,155,False,5.500000000000002,18.35,0.0,0.3500000000000014
2007-06-05,2.7,0.0,27.2,18.9,1458.892,False,2007,6,1,156,False,8.3,23.049999999999997,0.0,5.049999999999997
2007-06-06,2.2,0.0,21.7,13.3,1693.638,False,2007,6,2,157,False,8.399999999999999,17.5,0.5,0.0
2007-06-07,0.9,0.0,23.9,12.2,985.002,False,2007,6,3,158,False,11.7,18.049999999999997,0.0,0.04999999999999716
2007-06-08,1.1,0.0,29.4,17.8,2148.046,False,2007,6,4,159,False,11.599999999999998,23.6,0.0,5.600000000000001
2007-06-09,2.6,0.3,27.8,18.3,1059.814,False,2007,6,5,160,True,9.5,23.05,0.0,5.050000000000001
2007-06-10,1.0,0.0,22.2,16.7,1340.812,False,2007,6,6,161,True,5.5,19.45,0.0,1.4499999999999993
2007-06-11,1.9,0.8,28.9,17.2,794.654,False,2007,6,0,162,False,11.7,23.049999999999997,0.0,5.049999999999997
2007-06-12,1.0,30.0,28.3,18.3,918.766,False,2007,6,1,163,False,10.0,23.3,0.0,5.300000000000001
2007-06-13,3.1,0.0,18.9,13.9,927.272,False,2007,6,2,164,False,4.999999999999998,16.4,1.6000000000000014,0.0
2007-06-14,2.4,0.0,17.8,13.3,1259.084,False,2007,6,3,165,False,4.5,15.55,2.4499999999999993,0.0
2007-06-15,1.6,0.0,23.3,15.0,989.604,False,2007,6,4,166,False,8.3,19.15,0.0,1.1499999999999986
2007-06-16,1.3,1.0,27.2,15.6,2017.762,False,2007,6,5,167,True,11.6,21.4,0.0,3.3999999999999986
2007-06-17,1.7,0.0,30.0,18.9,1947.09,False,2007,6,6,168,True,11.100000000000001,24.45,0.0,6.449999999999999
2007-06-18,1.8,0.0,28.9,20.0,678.474,False,2007,6,0,169,False,8.899999999999999,24.45,0.0,6.449999999999999
2007-06-19,1.6,8.4,26.7,18.9,842.36,False,2007,6,1,170,False,7.800000000000001,22.799999999999997,0.0,4.799999999999997
2007-06-20,2.1,3.6,25.6,19.4,1074.286,False,2007,6,2,171,False,6.200000000000003,22.5,0.0,4.5
2007-06-21,2.1,4.6,26.7,15.6,806.946,False,2007,6,3,172,False,11.1,21.15,0.0,3.1499999999999986
2007-06-22,2.9,0.0,23.3,16.1,566.294,False,2007,6,4,173,False,7.199999999999999,19.700000000000003,0.0,1.7000000000000028
2007-06-23,2.0,0.0,23.3,13.3,477.566,False,2007,6,5,174,True,10.0,18.3,0.0,0.3000000000000007
2007-06-24,1.4,0.0,27.2,13.9,714.656,False,2007,6,6,175,True,13.299999999999999,20.55,0.0,2.5500000000000007
2007-06-25,1.8,0.0,26.7,19.4,1072.202,False,2007,6,0,176,False,7.300000000000001,23.049999999999997,0.0,5.049999999999997
2007-06-26,2.0,0.0,32.8,22.2,944.908,False,2007,6,1,177,False,10.599999999999998,27.5,0.0,9.5
2007-06-27,1.7,17.5,32.2,21.1,1480.826,False,2007,6,2,178,False,11.100000000000001,26.650000000000002,0.0,8.650000000000002
2007-06-28,2.3,0.8,30.6,21.1,1295.438,False,2007,6,3,179,False,9.5,25.85,0.0,7.850000000000001
2007-06-29,1.2,0.0,25.0,19.4,1304.198,False,2007,6,4,180,False,5.600000000000001,22.2,0.0,4.199999999999999
2007-06-30,1.3,0.3,27.2,17.2,1335.314,False,2007,6,5,181,True,10.0,22.2,0.0,4.199999999999999
2007-07-01,2.3,0.0,23.3,16.1,1026.664,False,2007,7,6,182,True,7.199999999999999,19.700000000000003,0.0,1.7000000000000028
2007-07-02,1.3,0.0,23.3,13.9,967.032,False,2007,7,0,183,False,9.4,18.6,0.0,0.6000000000000014
2007-07-03,1.4,0.0,26.7,15.6,1059.912,False,2007,7,1,184,False,11.1,21.15,0.0,3.1499999999999986
2007-07-04,2.6,1.8,21.7,18.3,1003.41,False,2007,7,2,185,False,3.3999999999999986,20.0,0.0,2.0
2007-07-05,2.1,33.0,25.6,19.4,1057.29,False,2007,7,3,186,False,6.200000000000003,22.5,0.0,4.5
2007-07-06,1.2,0.8,28.3,19.4,1069.524,False,2007,7,4,187,False,8.900000000000002,23.85,0.0,5.850000000000001
2007-07-07,1.7,0.0,29.4,19.4,1358.206,False,2007,7,5,188,True,10.0,24.4,0.0,6.399999999999999
2007-07-08,2.3,0.0,31.7,21.7,1089.08,False,2007,7,6,189,True,10.0,26.7,0.0,8.7
2007-07-09,1.7,0.0,33.3,24.4,1180.158,False,2007,7,0,190,False,8.899999999999999,28.849999999999998,0.0,10.849999999999998
2007-07-10,1.6,0.0,33.3,23.3,908.324,False,2007,7,1,191,False,9.999999999999996,28.299999999999997,0.0,10.299999999999997
2007-07-11,1.5,25.7,29.4,21.1,722.352,False,2007,7,2,192,False,8.299999999999997,25.25,0.0,7.25
2007-07-12,2.2,0.0,26.7,18.9,1069.582,False,2007,7,3,193,False,7.800000000000001,22.799999999999997,0.0,4.799999999999997
2007-07-13,1.7,0.0,27.2,20.6,794.382,False,2007,7,4,194,False,6.599999999999998,23.9,0.0,5.899999999999999
2007-07-14,1.3,0.0,28.9,18.9,1288.17,False,2007,7,5,195,True,10.0,23.9,0.0,5.899999999999999
2007-07-15,2.1,0.3,31.1,22.2,917.024,False,2007,7,6,196,True,8.900000000000002,26.65,0.0,8.649999999999999
2007-07-16,1.6,0.0,27.8,21.7,853.674,False,2007,7,0,197,False,6.100000000000001,24.75,0.0,6.75
2007-07-17,0.9,0.0,31.1,20.6,719.632,False,2007,7,1,198,False,10.5,25.85,0.0,7.850000000000001
2007-07-18,1.4,40.4,25.6,20.6,757.082,False,2007,7,2,199,False,5.0,23.1,0.0,5.100000000000001
2007-07-19,1.5,4.8,28.3,21.1,677.886,False,2007,7,3,200,False,7.199999999999999,24.700000000000003,0.0,6.700000000000003
2007-07-20,3.0,0.0,25.6,19.4,1110.422,False,2007,7,4,201,False,6.200000000000003,22.5,0.0,4.5
2007-07-21,2.4,0.0,27.8,17.2,1060.248,False,2007,7,5,202,True,10.600000000000001,22.5,0.0,4.5
2007-07-22,2.2,0.0,28.3,20.0,1375.774,False,2007,7,6,203,True,8.3,24.15,0.0,6.149999999999999
2007-07-23,3.5,58.7,22.2,15.6,991.018,False,2007,7,0,204,False,6.6,18.9,0.0,0.8999999999999986
2007-07-24,1.6,0.0,27.2,14.4,825.284,False,2007,7,1,205,False,12.799999999999999,20.8,0.0,2.8000000000000007
2007-07-25,0.9,0.0,28.3,19.4,472.56,False,2007,7,2,206,False,8.900000000000002,23.85,0.0,5.850000000000001
2007-07-26,1.2,0.0,29.4,21.7,924.5,False,2007,7,3,207,False,7.699999999999999,25.549999999999997,0.0,7.549999999999997
2007-07-27,1.6,0.0,28.9,21.7,1202.514,False,2007,7,4,208,False,7.199999999999999,25.299999999999997,0.0,7.299999999999997
2007-07-28,1.3,0.0,28.9,21.7,1621.862,False,2007,7,5,209,True,7.199999999999999,25.299999999999997,0.0,7.299999999999997
2007-07-29,0.9,9.7,26.7,22.2,321.116,False,2007,7,6,210,True,4.5,24.45,0.0,6.449999999999999
2007-07-30,0.9,0.0,30.0,21.1,466.816,False,2007,7,0,211,False,8.899999999999999,25.55,0.0,7.550000000000001
2007-07-31,1.1,0.0,30.6,22.2,812.332,False,2007,7,1,212,False,8.400000000000002,26.4,0.0,8.399999999999999
2007-08-01,1.2,0.0,32.2,21.7,1060.338,False,2007,8,2,213,False,10.500000000000004,26.950000000000003,0.0,8.950000000000003
2007-08-02,1.3,0.0,33.3,23.9,1019.416,False,2007,8,3,214,False,9.399999999999999,28.599999999999998,0.0,10.599999999999998
2007-08-03,2.0,29.2,32.2,18.9,1063.364,False,2007,8,4,215,False,13.300000000000004,25.55,0.0,7.550000000000001
2007-08-04,1.3,0.3,31.7,20.6,1144.99,False,2007,8,5,216,True,11.099999999999998,26.15,0.0,8.149999999999999
2007-08-05,2.5,0.0,29.4,21.1,787.098,False,2007,8,6,217,True,8.299999999999997,25.25,0.0,7.25
2007-08-06,1.4,0.0,28.3,22.2,1089.72,False,2007,8,0,218,False,6.100000000000001,25.25,0.0,7.25
2007-08-07,0.7,0.0,31.7,23.9,1483.58,False,2007,8,1,219,False,7.800000000000001,27.799999999999997,0.0,9.799999999999997
2007-08-08,2.4,63.5,32.2,22.8,1125.482,False,2007,8,2,220,False,9.400000000000002,27.5,0.0,9.5
2007-08-09,2.0,0.0,28.3,22.2,1071.68,False,2007,8,3,221,False,6.100000000000001,25.25,0.0,7.25
2007-08-10,3.2,32.5,22.2,13.9,1028.01,False,2007,8,4,222,False,8.299999999999999,18.05,0.0,0.05000000000000071
2007-08-11,1.5,0.0,27.2,13.9,1091.65,False,2007,8,5,223,True,13.299999999999999,20.55,0.0,2.5500000000000007
2007-08-12,1.0,0.0,29.4,20.0,1241.904,False,2007,8,6,224,True,9.399999999999999,24.7,0.0,6.699999999999999
2007-08-13,2.3,1.0,28.9,21.1,1153.012,False,2007,8,0,225,False,7.799999999999997,25.0,0.0,7.0
2007-08-14,1.3,0.0,27.2,18.3,941.19,False,2007,8,1,226,False,8.899999999999999,22.75,0.0,4.75
2007-08-15,2.3,0.0,28.9,19.4,1191.86,False,2007,8,2,227,False,9.5,24.15,0.0,6.149999999999999
2007-08-16,1.2,0.3,28.3,23.3,958.496,False,2007,8,3,228,False,5.0,25.8,0.0,7.800000000000001
2007-08-17,1.4,18.8,29.4,16.7,1009.892,False,2007,8,4,229,False,12.7,23.049999999999997,0.0,5.049999999999997
2007-08-18,2.6,0.0,23.3,15.0,347.96,False,2007,8,5,230,True,8.3,19.15,0.0,1.1499999999999986
2007-08-19,0.5,3.0,21.7,15.6,1422.294,False,2007,8,6,231,True,6.1,18.65,0.0,0.6499999999999986
2007-08-20,3.1,1.5,20.6,14.4,1338.842,False,2007,8,0,232,False,6.200000000000001,17.5,0.5,0.0
2007-08-21,3.4,32.3,15.0,13.3,642.556,False,2007,8,1,233,False,1.6999999999999993,14.15,3.8499999999999996,0.0
2007-08-22,1.6,0.0,18.3,13.3,1209.808,False,2007,8,2,234,False,5.0,15.8,2.1999999999999993,0.0
2007-08-23,0.6,0.0,23.9,16.7,1112.312,False,2007,8,3,235,False,7.199999999999999,20.299999999999997,0.0,2.299999999999997
2007-08-24,1.0,0.0,28.3,18.9,1656.214,False,2007,8,4,236,False,9.400000000000002,23.6,0.0,5.600000000000001
2007-08-25,1.3,0.0,30.6,22.8,1150.88,False,2007,8,5,237,True,7.800000000000001,26.700000000000003,0.0,8.700000000000003
2007-08-26,1.6,0.0,26.7,22.2,1314.906,False,2007,8,6,238,True,4.5,24.45,0.0,6.449999999999999
2007-08-27,1.9,0.0,28.3,19.4,1211.73,False,2007,8,0,239,False,8.900000000000002,23.85,0.0,5.850000000000001
2007-08-28,0.6,0.0,28.3,20.0,997.004,False,2007,8,1,240,False,8.3,24.15,0.0,6.149999999999999
2007-08-29,0.9,0.0,29.4,19.4,747.992,False,2007,8,2,241,False,10.0,24.4,0.0,6.399999999999999
2007-08-30,1.0,0.0,30.0,21.1,1202.458,False,2007,8,3,242,False,8.899999999999999,25.55,0.0,7.550000000000001
2007-08-31,2.2,0.0,25.6,20.6,1279.822,False,2007,8,4,243,False,5.0,23.1,0.0,5.100000000000001
2007-09-01,3.0,0.0,26.1,17.8,1701.486,False,2007,9,5,244,True,8.3,21.950000000000003,0.0,3.950000000000003
2007-09-02,1.3,0.0,25.6,14.4,1662.468,False,2007,9,6,245,True,11.200000000000001,20.0,0.0,2.0
2007-09-03,2.4,0.0,27.8,17.8,1038.922,False,2007,9,0,246,False,10.0,22.8,0.0,4.800000000000001
2007-09-04,1.8,0.0,28.3,20.6,1584.944,False,2007,9,1,247,False,7.699999999999999,24.450000000000003,0.0,6.450000000000003
2007-09-05,1.3,0.0,26.1,18.3,1236.572,False,2007,9,2,248,False,7.800000000000001,22.200000000000003,0.0,4.200000000000003
2007-09-06,1.3,0.0,26.7,19.4,901.474,False,2007,9,3,249,False,7.300000000000001,23.049999999999997,0.0,5.049999999999997
2007-09-07,2.2,0.0,30.0,21.1,1336.496,False,2007,9,4,250,False,8.899999999999999,25.55,0.0,7.550000000000001
2007-09-08,2.3,0.0,31.1,21.7,1469.752,False,2007,9,5,251,True,9.400000000000002,26.4,0.0,8.399999999999999
2007-09-09,2.0,0.0,29.4,21.7,1679.502,False,2007,9,6,252,True,7.699999999999999,25.549999999999997,0.0,7.549999999999997
2007-09-10,1.4,3.3,26.1,22.8,1117.376,False,2007,9,0,253,False,3.3000000000000007,24.450000000000003,0.0,6.450000000000003
2007-09-11,2.1,30.7,23.3,20.6,983.572,False,2007,9,1,254,False,2.6999999999999993,21.950000000000003,0.0,3.950000000000003
2007-09-12,2.4,0.0,23.9,16.7,1287.764,False,2007,9,2,255,False,7.199999999999999,20.299999999999997,0.0,2.299999999999997
2007-09-13,0.8,0.0,23.3,14.4,1146.382,False,2007,9,3,256,False,8.9,18.85,0.0,0.8500000000000014
2007-09-14,1.5,0.0,23.3,17.8,1135.47,False,2007,9,4,257,False,5.5,20.55,0.0,2.5500000000000007
2007-09-15,2.3,2.0,20.6,12.8,1095.312,False,2007,9,5,258,True,7.800000000000001,16.700000000000003,1.2999999999999972,0.0
2007-09-16,1.1,0.0,18.9,10.0,1652.224,False,2007,9,6,259,True,8.899999999999999,14.45,3.5500000000000007,0.0
2007-09-17,1.5,0.0,20.6,10.6,1461.186,False,2007,9,0,260,False,10.000000000000002,15.600000000000001,2.3999999999999986,0.0
2007-09-18,1.5,0.0,21.1,11.7,1167.52,False,2007,9,1,261,False,9.400000000000002,16.4,1.6000000000000014,0.0
2007-09-19,0.8,0.0,24.4,13.3,1298.684,False,2007,9,2,262,False,11.099999999999998,18.85,0.0,0.8500000000000014
2007-09-20,0.8,0.0,27.8,15.6,1255.532,False,2007,9,3,263,False,12.200000000000001,21.7,0.0,3.6999999999999993
2007-09-21,0.8,0.0,27.8,17.2,1238.78,False,2007,9,4,264,False,10.600000000000001,22.5,0.0,4.5
2007-09-22,0.6,7.9,23.9,18.3,1176.172,False,2007,9,5,265,True,5.599999999999998,21.1,0.0,3.1000000000000014
2007-09-23,1.3,0.0,25.6,16.7,1417.97,False,2007,9,6,266,True,8.900000000000002,21.15,0.0,3.1499999999999986
2007-09-24,1.3,0.0,26.1,14.4,1354.53,False,2007,9,0,267,False,11.700000000000001,20.25,0.0,2.25
2007-09-25,2.5,0.0,29.4,17.2,1764.342,False,2007,9,1,268,False,12.2,23.299999999999997,0.0,5.299999999999997
2007-09-26,2.3,0.0,30.6,20.6,1822.264,False,2007,9,2,269,False,10.0,25.6,0.0,7.600000000000001
2007-09-27,1.7,0.0,27.8,21.7,1392.6,False,2007,9,3,270,False,6.100000000000001,24.75,0.0,6.75
2007-09-28,2.1,2.0,24.4,16.1,1680.498,False,2007,9,4,271,False,8.299999999999997,20.25,0.0,2.25
2007-09-29,2.2,0.0,24.4,14.4,2296.522,False,2007,9,5,272,True,9.999999999999998,19.4,0.0,1.3999999999999986
2007-09-30,1.6,0.0,22.2,13.3,1516.29,False,2007,9,6,273,True,8.899999999999999,17.75,0.25,0.0
2007-10-01,1.2,0.0,20.6,15.0,1720.922,False,2007,10,0,274,False,5.600000000000001,17.8,0.1999999999999993,0.0
2007-10-02,1.6,0.0,23.9,14.4,2198.864,False,2007,10,1,275,False,9.499999999999998,19.15,0.0,1.1499999999999986
2007-10-03,1.0,0.8,25.6,18.3,1280.454,False,2007,10,2,276,False,7.300000000000001,21.950000000000003,0.0,3.950000000000003
2007-10-04,0.8,0.0,28.9,20.6,1518.458,False,2007,10,3,277,False,8.299999999999997,24.75,0.0,6.75
2007-10-05,0.7,0.0,28.3,19.4,1394.092,False,2007,10,4,278,False,8.900000000000002,23.85,0.0,5.850000000000001
2007-10-06,1.1,0.0,28.3,18.9,1756.24,False,2007,10,5,279,True,9.400000000000002,23.6,0.0,5.600000000000001
2007-10-07,1.7,0.0,27.8,19.4,2106.114,False,2007,10,6,280,True,8.400000000000002,23.6,0.0,5.600000000000001
2007-10-08,1.9,0.0,30.6,19.4,1095.242,False,2007,10,0,281,False,11.200000000000003,25.0,0.0,7.0
2007-10-09,2.6,13.2,26.1,15.6,1687.858,False,2007,10,1,282,False,10.500000000000002,20.85,0.0,2.8500000000000014
2007-10-10,1.7,4.1,20.6,16.1,1166.972,False,2007,10,2,283,False,4.5,18.35,0.0,0.3500000000000014
2007-10-11,2.7,37.6,19.4,15.0,1732.446,False,2007,10,3,284,False,4.399999999999999,17.2,0.8000000000000007,0.0
2007-10-12,3.5,2.0,15.6,8.9,1914.504,False,2007,10,4,285,False,6.699999999999999,12.25,5.75,0.0
2007-10-13,2.0,0.0,17.2,7.2,1926.728,False,2007,10,5,286,True,10.0,12.2,5.800000000000001,0.0
2007-10-14,2.1,0.0,18.9,9.4,2061.252,False,2007,10,6,287,True,9.499999999999998,14.149999999999999,3.8500000000000014,0.0
2007-10-15,1.2,0.0,19.4,9.4,1266.33,False,2007,10,0,288,False,9.999999999999998,14.399999999999999,3.6000000000000014,0.0
2007-10-16,0.3,0.0,21.1,13.3,1964.442,False,2007,10,1,289,False,7.800000000000001,17.200000000000003,0.7999999999999972,0.0
2007-10-17,0.5,0.0,22.8,14.4,1576.93,False,2007,10,2,290,False,8.4,18.6,0.0,0.6000000000000014
2007-10-18,1.2,0.0,25.0,17.2,1518.53,False,2007,10,3,291,False,7.800000000000001,21.1,0.0,3.1000000000000014
2007-10-19,1.9,9.7,22.8,18.3,2085.648,False,2007,10,4,292,False,4.5,20.55,0.0,2.5500000000000007
2007-10-20,2.6,0.8,21.1,15.6,1660.246,False,2007,10,5,293,True,5.500000000000002,18.35,0.0,0.3500000000000014
2007-10-21,2.1,0.0,23.3,13.3,1941.94,False,2007,10,6,294,True,10.0,18.3,0.0,0.3000000000000007
2007-10-22,2.0,0.0,24.4,15.0,1652.896,False,2007,10,0,295,False,9.399999999999999,19.7,0.0,1.6999999999999993
2007-10-23,2.7,0.3,25.6,18.9,1954.648,False,2007,10,1,296,False,6.700000000000003,22.25,0.0,4.25
2007-10-24,2.1,4.1,19.4,11.1,1865.636,False,2007,10,2,297,False,8.299999999999999,15.25,2.75,0.0
2007-10-25,3.3,3.6,13.9,9.4,1853.918,False,2007,10,3,298,False,4.5,11.65,6.35,0.0
2007-10-26,3.3,11.7,14.4,11.1,1437.568,False,2007,10,4,299,False,3.3000000000000007,12.75,5.25,0.0
2007-10-27,2.5,30.5,19.4,13.3,1785.688,False,2007,10,5,300,True,6.099999999999998,16.35,1.6499999999999986,0.0
2007-10-28,3.0,0.0,13.3,6.1,512.158,False,2007,10,6,301,True,7.200000000000001,9.7,8.3,0.0
2007-10-29,1.3,0.0,11.7,3.3,545.428,False,2007,10,0,302,False,8.399999999999999,7.5,10.5,0.0
2007-10-30,1.3,0.0,16.7,7.8,811.008,False,2007,10,1,303,False,8.899999999999999,12.25,5.75,0.0
2007-10-31,2.0,0.0,17.8,9.4,1283.21,False,2007,10,2,304,False,8.4,13.600000000000001,4.399999999999999,0.0
2007-11-01,0.0,0.0,18.9,10.0,496.216,False,2007,11,3,305,False,8.899999999999999,14.45,3.5500000000000007,0.0
2007-11-02,3.9,0.0,12.8,7.2,1443.602,False,2007,11,4,306,False,5.6000000000000005,10.0,8.0,0.0
2007-11-03,4.2,0.0,10.6,7.2,492.55,False,2007,11,5,307,True,3.3999999999999995,8.9,9.1,0.0
2007-11-04,1.8,0.0,13.3,7.2,1485.686,False,2007,11,6,308,True,6.1000000000000005,10.25,7.75,0.0
2007-11-05,1.9,0.0,13.9,6.7,1500.592,False,2007,11,0,309,False,7.2,10.3,7.699999999999999,0.0
2007-11-06,2.9,13.2,13.3,6.1,2082.378,False,2007,11,1,310,False,7.200000000000001,9.7,8.3,0.0
2007-11-07,2.3,0.0,9.4,3.9,1844.758,False,2007,11,2,311,False,5.5,6.65,11.35,0.0
2007-11-08,0.6,0.0,7.8,1.7,1501.06,False,2007,11,3,312,False,6.1,4.75,13.25,0.0
2007-11-09,1.5,10.4,6.7,3.9,2171.226,False,2007,11,4,313,False,2.8000000000000003,5.3,12.7,0.0
2007-11-10,2.4,3.3,7.8,2.8,2611.6,False,2007,11,5,314,True,5.0,5.3,12.7,0.0
2007-11-11,1.6,0.0,7.8,-0.6,1887.124,False,2007,11,6,315,True,8.4,3.6,14.4,0.0
2007-11-12,1.1,2.8,10.0,3.3,2156.146,False,2007,11,0,316,False,6.7,6.65,11.35,0.0
2007-11-13,1.3,5.6,15.0,8.3,2214.398,False,2007,11,1,317,False,6.699999999999999,11.65,6.35,0.0
2007-11-14,1.0,0.0,14.4,7.2,2047.994,False,2007,11,2,318,False,7.2,10.8,7.199999999999999,0.0
2007-11-15,2.5,9.7,17.2,6.1,1491.988,False,2007,11,3,319,False,11.1,11.649999999999999,6.350000000000001,0.0
2007-11-16,4.4,0.0,8.3,2.8,2309.754,False,2007,11,4,320,False,5.500000000000001,5.550000000000001,12.45,0.0
2007-11-17,2.2,0.0,7.8,1.7,2610.094,False,2007,11,5,321,True,6.1,4.75,13.25,0.0
2007-11-18,3.1,0.0,6.7,3.9,2183.858,False,2007,11,6,322,True,2.8000000000000003,5.3,12.7,0.0
2007-11-19,3.4,6.9,6.7,1.1,1723.654,False,2007,11,0,323,False,5.6,3.9000000000000004,14.1,0.0
2007-11-20,1.8,2.8,8.9,4.4,2095.856,False,2007,11,1,324,False,4.5,6.65,11.35,0.0
2007-11-21,0.8,0.0,14.4,6.1,1751.836,False,2007,11,2,325,False,8.3,10.25,7.75,0.0
2007-11-22,2.1,0.8,18.9,4.4,1932.378,False,2007,11,3,326,False,14.499999999999998,11.649999999999999,6.350000000000001,0.0
2007-11-23,3.4,0.0,4.4,-1.1,2522.618,False,2007,11,4,327,False,5.5,1.6500000000000001,16.35,0.0
2007-11-24,1.7,0.0,3.9,-3.3,1899.054,False,2007,11,5,328,True,7.199999999999999,0.30000000000000004,17.7,0.0
2007-11-25,1.8,0.0,9.4,1.1,1395.598,False,2007,11,6,329,True,8.3,5.25,12.75,0.0
2007-11-26,1.0,31.8,16.7,4.4,1569.716,False,2007,11,0,330,False,12.299999999999999,10.55,7.449999999999999,0.0
2007-11-27,3.5,0.8,17.8,6.1,2801.012,False,2007,11,1,331,False,11.700000000000001,11.95,6.050000000000001,0.0
2007-11-28,2.1,0.0,7.2,1.7,1644.94,False,2007,11,2,332,False,5.5,4.45,13.55,0.0
2007-11-29,2.8,0.3,10.6,5.0,1719.23,False,2007,11,3,333,False,5.6,7.8,10.2,0.0
2007-11-30,2.6,0.0,5.6,1.7,2331.728,False,2007,11,4,334,False,3.8999999999999995,3.65,14.35,0.0
2007-12-01,3.2,0.0,3.3,-3.9,3134.942,False,2007,12,5,335,True,7.199999999999999,-0.30000000000000004,18.3,0.0
2007-12-02,1.4,8.4,2.2,-6.7,2946.188,False,2007,12,6,336,True,8.9,-2.25,20.25,0.0
2007-12-03,4.3,7.9,8.3,0.0,1762.06,False,2007,12,0,337,False,8.3,4.15,13.85,0.0
2007-12-04,4.4,0.0,1.1,-2.2,2067.636,False,2007,12,1,338,False,3.3000000000000003,-0.55,18.55,0.0
2007-12-05,1.9,0.5,0.6,-2.2,2153.12,False,2007,12,2,339,False,2.8000000000000003,-0.8,18.8,0.0
2007-12-06,2.1,0.0,0.6,-6.1,2487.934,False,2007,12,3,340,False,6.699999999999999,-2.75,20.75,0.0
2007-12-07,1.6,0.0,1.7,-2.2,1769.016,False,2007,12,4,341,False,3.9000000000000004,-0.2500000000000001,18.25,0.0
2007-12-08,1.9,0.0,6.7,1.1,2213.404,False,2007,12,5,342,True,5.6,3.9000000000000004,14.1,0.0
2007-12-09,0.6,8.1,4.4,1.1,2274.584,False,2007,12,6,343,True,3.3000000000000003,2.75,15.25,0.0
2007-12-10,1.4,2.0,4.4,2.8,1758.754,False,2007,12,0,344,False,1.6000000000000005,3.6,14.4,0.0
2007-12-11,1.7,0.3,7.2,1.7,2305.104,False,2007,12,1,345,False,5.5,4.45,13.55,0.0
2007-12-12,3.0,0.0,11.1,1.1,1588.062,False,2007,12,2,346,False,10.0,6.1,11.9,0.0
2007-12-13,2.8,25.9,2.2,-1.7,1847.746,False,2007,12,3,347,False,3.9000000000000004,0.2500000000000001,17.75,0.0
2007-12-14,1.4,0.0,5.6,-0.6,1974.808,False,2007,12,4,348,False,6.199999999999999,2.5,15.5,0.0
2007-12-15,3.4,0.3,2.2,-1.7,2736.876,False,2007,12,5,349,True,3.9000000000000004,0.2500000000000001,17.75,0.0
2007-12-16,5.7,21.3,3.3,-1.7,2762.218,False,2007,12,6,350,True,5.0,0.7999999999999999,17.2,0.0
2007-12-17,5.4,0.0,0.6,-3.3,1797.066,False,2007,12,0,351,False,3.9,-1.3499999999999999,19.35,0.0
2007-12-18,2.3,0.0,2.8,-1.7,2623.194,False,2007,12,1,352,False,4.5,0.5499999999999999,17.45,0.0
2007-12-19,1.1,2.0,6.1,1.1,2196.052,False,2007,12,2,353,False,5.0,3.5999999999999996,14.4,0.0
2007-12-20,2.3,0.0,6.7,1.7,1949.758,False,2007,12,3,354,False,5.0,4.2,13.8,0.0
2007-12-21,4.2,0.0,3.9,2.2,1982.576,False,2007,12,4,355,False,1.6999999999999997,3.05,14.95,0.0
2007-12-22,3.8,0.0,5.0,1.7,2611.264,False,2007,12,5,356,True,3.3,3.35,14.65,0.0
2007-12-23,2.9,18.0,16.1,5.0,2409.048,False,2007,12,6,357,True,11.100000000000001,10.55,7.449999999999999,0.0
2007-12-24,3.5,0.0,10.0,2.8,2257.848,False,2007,12,0,358,False,7.2,6.4,11.6,0.0
2007-12-25,2.4,0.0,6.1,1.7,2694.968,False,2007,12,1,359,False,4.3999999999999995,3.9,14.1,0.0
2007-12-26,2.8,13.0,3.9,0.0,2580.28,False,2007,12,2,360,False,3.9,1.95,16.05,0.0
2007-12-27,2.0,1.3,6.1,2.2,2532.198,False,2007,12,3,361,False,3.8999999999999995,4.15,13.85,0.0
2007-12-28,2.1,0.5,9.4,4.4,3113.052,False,2007,12,4,362,False,5.0,6.9,11.1,0.0
2007-12-29,2.4,14.5,10.6,5.6,3298.956,False,2007,12,5,363,True,5.0,8.1,9.9,0.0
2007-12-30,1.8,3.0,6.1,1.7,2558.916,False,2007,12,6,364,True,4.3999999999999995,3.9,14.1,0.0
2007-12-31,2.8,5.6,6.7,1.7,2216.542,False,2007,12,0,365,False,5.0,4.2,13.8,0.0
2008-01-01,2.9,4.3,8.3,2.8,2759.738,False,2008,1,1,1,False,5.500000000000001,5.550000000000001,12.45,0.0
2008-01-02,4.1,0.0,3.3,-8.3,1644.106,False,2008,1,2,2,False,11.600000000000001,-2.5000000000000004,20.5,0.0
2008-01-03,2.9,0.0,-6.7,-11.1,1510.108,False,2008,1,3,3,False,4.3999999999999995,-8.9,26.9,0.0
2008-01-04,2.5,0.0,2.2,-8.9,2291.852,False,2008,1,4,4,False,11.100000000000001,-3.35,21.35,0.0
2008-01-05,1.6,1.5,6.1,0.0,2183.248,False,2008,1,5,5,True,6.1,3.05,14.95,0.0
2008-01-06,0.8,0.3,10.0,2.2,1825.184,False,2008,1,6,6,True,7.8,6.1,11.9,0.0
2008-01-07,1.9,0.0,16.7,7.2,1695.814,False,2008,1,0,7,False,9.5,11.95,6.050000000000001,0.0
2008-01-08,3.0,0.0,17.8,11.7,2043.55,False,2008,1,1,8,False,6.100000000000001,14.75,3.25,0.0
2008-01-09,3.8,0.8,17.8,8.3,1788.44,False,2008,1,2,9,False,9.5,13.05,4.949999999999999,0.0
2008-01-10,1.6,0.3,10.0,5.0,1894.076,False,2008,1,3,10,False,5.0,7.5,10.5,0.0
2008-01-11,2.3,32.8,13.3,4.4,1705.818,False,2008,1,4,11,False,8.9,8.850000000000001,9.149999999999999,0.0
2008-01-12,2.0,0.0,9.4,5.6,2871.408,False,2008,1,5,12,True,3.8000000000000007,7.5,10.5,0.0
2008-01-13,3.6,7.6,7.2,2.2,2881.656,False,2008,1,6,13,True,5.0,4.7,13.3,0.0
2008-01-14,2.9,4.6,3.9,1.1,2024.932,False,2008,1,0,14,False,2.8,2.5,15.5,0.0
2008-01-15,3.7,0.0,3.3,0.0,2686.912,False,2008,1,1,15,False,3.3,1.65,16.35,0.0
2008-01-16,3.4,0.0,3.9,-1.7,2135.852,False,2008,1,2,16,False,5.6,1.1,16.9,0.0
2008-01-17,2.6,6.4,3.9,-1.1,1572.282,False,2008,1,3,17,False,5.0,1.4,16.6,0.0
2008-01-18,4.0,11.7,8.9,1.7,2186.988,False,2008,1,4,18,False,7.2,5.3,12.7,0.0
2008-01-19,0.0,0.0,2.8,0.0,1980.306,False,2008,1,5,19,True,2.8,1.4,16.6,0.0
2008-01-20,4.9,0.0,1.1,-8.3,1740.368,False,2008,1,6,20,True,9.4,-3.6000000000000005,21.6,0.0
2008-01-21,3.6,0.0,-3.3,-9.4,1858.998,False,2008,1,0,21,False,6.1000000000000005,-6.35,24.35,0.0
2008-01-22,3.1,0.0,3.9,-5.0,2325.018,False,2008,1,1,22,False,8.9,-0.55,18.55,0.0
2008-01-23,3.6,0.0,4.4,-1.1,1882.308,False,2008,1,2,23,False,5.5,1.6500000000000001,16.35,0.0
2008-01-24,2.3,0.0,1.1,-4.4,1645.022,False,2008,1,3,24,False,5.5,-1.6500000000000001,19.65,0.0
2008-01-25,3.7,0.0,0.6,-6.1,2239.856,False,2008,1,4,25,False,6.699999999999999,-2.75,20.75,0.0
2008-01-26,1.7,0.0,1.1,-3.9,2834.988,False,2008,1,5,26,True,5.0,-1.4,19.4,0.0
2008-01-27,3.2,0.0,3.9,-1.1,2381.766,False,2008,1,6,27,True,5.0,1.4,16.6,0.0
2008-01-28,3.0,0.0,5.6,-2.8,2308.196,False,2008,1,0,28,False,8.399999999999999,1.4,16.6,0.0
2008-01-29,1.7,0.3,6.1,-1.1,2676.024,False,2008,1,1,29,False,7.199999999999999,2.5,15.5,0.0
2008-01-30,4.6,2.0,9.4,0.0,1640.646,False,2008,1,2,30,False,9.4,4.7,13.3,0.0
2008-01-31,3.1,0.0,3.3,-2.2,1953.922,False,2008,1,3,31,False,5.5,0.5499999999999998,17.45,0.0
2008-02-01,5.3,41.4,11.7,0.0,1534.652,False,2008,2,4,32,False,11.7,5.85,12.15,0.0
2008-02-02,4.0,0.0,6.1,1.7,2936.034,False,2008,2,5,33,True,4.3999999999999995,3.9,14.1,0.0
2008-02-03,1.1,0.0,9.4,0.6,2084.568,False,2008,2,6,34,True,8.8,5.0,13.0,0.0
2008-02-04,3.5,1.8,5.6,1.1,1628.138,False,2008,2,0,35,False,4.5,3.3499999999999996,14.65,0.0
2008-02-05,2.5,1.3,11.1,3.3,2472.456,False,2008,2,1,36,False,7.8,7.199999999999999,10.8,0.0
2008-02-06,2.4,1.0,20.0,5.0,1669.54,False,2008,2,2,37,False,15.0,12.5,5.5,0.0
2008-02-07,3.0,1.3,9.4,3.3,1518.31,False,2008,2,3,38,False,6.1000000000000005,6.35,11.65,0.0
2008-02-08,2.2,0.0,7.2,1.7,1950.564,False,2008,2,4,39,False,5.5,4.45,13.55,0.0
2008-02-09,2.2,1.5,6.7,2.8,2102.276,False,2008,2,5,40,True,3.9000000000000004,4.75,13.25,0.0
2008-02-10,5.3,0.0,6.7,-9.4,2184.714,False,2008,2,6,41,True,16.1,-1.35,19.35,0.0
2008-02-11,5.7,0.0,-4.4,-12.2,1692.016,False,2008,2,0,42,False,7.799999999999999,-8.3,26.3,0.0
2008-02-12,2.2,14.0,-0.6,-8.3,1987.798,False,2008,2,1,43,False,7.700000000000001,-4.45,22.45,0.0
2008-02-13,2.7,49.3,12.2,-0.6,1900.498,False,2008,2,2,44,False,12.799999999999999,5.8,12.2,0.0
2008-02-14,3.4,0.0,4.4,-2.2,1604.622,False,2008,2,3,45,False,6.6000000000000005,1.1,16.9,0.0
2008-02-15,3.6,0.0,8.3,-0.6,2005.208,False,2008,2,4,46,False,8.9,3.8500000000000005,14.149999999999999,0.0
2008-02-16,2.6,0.0,1.1,-5.0,2346.948,False,2008,2,5,47,True,6.1,-1.95,19.95,0.0
2008-02-17,3.5,5.8,11.7,-1.1,1933.368,False,2008,2,6,48,True,12.799999999999999,5.3,12.7,0.0
2008-02-18,3.9,6.9,17.8,4.4,1514.404,False,2008,2,0,49,False,13.4,11.100000000000001,6.899999999999999,0.0
2008-02-19,4.3,0.0,5.0,-2.2,2126.916,False,2008,2,1,50,False,7.2,1.4,16.6,0.0
2008-02-20,3.3,0.0,0.0,-4.4,2253.79,False,2008,2,2,51,False,4.4,-2.2,20.2,0.0
2008-02-21,2.9,0.0,0.6,-6.7,1633.85,False,2008,2,3,52,False,7.3,-3.0500000000000003,21.05,0.0
2008-02-22,2.7,17.8,1.1,-3.9,1732.564,False,2008,2,4,53,False,5.0,-1.4,19.4,0.0
2008-02-23,2.0,0.3,1.1,-2.2,1833.97,False,2008,2,5,54,True,3.3000000000000003,-0.55,18.55,0.0
2008-02-24,2.2,0.0,3.9,-4.4,1263.008,False,2008,2,6,55,True,8.3,-0.2500000000000002,18.25,0.0
2008-02-25,2.4,0.0,8.9,0.0,504.488,False,2008,2,0,56,False,8.9,4.45,13.55,0.0
2008-02-26,1.9,5.3,8.3,3.3,507.12,False,2008,2,1,57,False,5.000000000000001,5.800000000000001,12.2,0.0
2008-02-27,4.7,0.0,6.7,-5.6,566.72,False,2008,2,2,58,False,12.3,0.5500000000000003,17.45,0.0
2008-02-28,4.8,0.0,-2.2,-7.8,509.184,False,2008,2,3,59,False,5.6,-5.0,23.0,0.0
2008-02-29,3.2,3.6,1.7,-8.3,1333.348,False,2008,2,4,60,False,10.0,-3.3000000000000003,21.3,0.0
2008-03-01,4.1,3.6,7.8,0.6,1141.876,False,2008,3,5,61,True,7.2,4.2,13.8,0.0
2008-03-02,4.1,0.0,6.1,-2.2,1162.226,False,2008,3,6,62,True,8.3,1.9499999999999997,16.05,0.0
2008-03-03,2.7,0.0,12.8,2.2,1040.55,False,2008,3,0,63,False,10.600000000000001,7.5,10.5,0.0
2008-03-04,3.0,4.8,17.2,7.2,1668.99,False,2008,3,1,64,False,10.0,12.2,5.800000000000001,0.0
2008-03-05,4.7,7.6,13.9,2.8,2037.208,False,2008,3,2,65,False,11.100000000000001,8.35,9.65,0.0
2008-03-06,2.5,0.0,9.4,1.1,2503.208,False,2008,3,3,66,False,8.3,5.25,12.75,0.0
2008-03-07,3.5,30.7,7.2,2.2,1862.956,False,2008,3,4,67,False,5.0,4.7,13.3,0.0
2008-03-08,3.6,19.1,13.9,2.2,2248.66,False,2008,3,5,68,True,11.7,8.05,9.95,0.0
2008-03-09,5.4,0.0,5.6,-1.1,1560.458,False,2008,3,6,69,True,6.699999999999999,2.25,15.75,0.0
2008-03-10,3.4,0.0,7.2,-2.8,1618.686,False,2008,3,0,70,False,10.0,2.2,15.8,0.0
2008-03-11,2.4,0.0,9.4,1.7,2200.042,False,2008,3,1,71,False,7.7,5.55,12.45,0.0
2008-03-12,4.1,0.0,8.3,1.7,1774.232,False,2008,3,2,72,False,6.6000000000000005,5.0,13.0,0.0
2008-03-13,2.4,0.0,7.2,-0.6,1675.514,False,2008,3,3,73,False,7.8,3.3000000000000003,14.7,0.0
2008-03-14,2.8,0.5,13.3,4.4,2210.22,False,2008,3,4,74,False,8.9,8.850000000000001,9.149999999999999,0.0
2008-03-15,3.8,2.8,13.3,5.0,1576.3,False,2008,3,5,75,True,8.3,9.15,8.85,0.0
2008-03-16,3.4,1.0,8.3,1.7,1801.96,False,2008,3,6,76,True,6.6000000000000005,5.0,13.0,0.0
2008-03-17,3.8,0.0,10.0,-1.1,1706.918,False,2008,3,0,77,False,11.1,4.45,13.55,0.0
2008-03-18,3.4,0.0,6.7,1.7,1917.566,False,2008,3,1,78,False,5.0,4.2,13.8,0.0
2008-03-19,2.7,24.1,11.7,5.0,1308.448,False,2008,3,2,79,False,6.699999999999999,8.35,9.65,0.0
2008-03-20,5.5,5.6,14.4,2.2,1253.274,False,2008,3,3,80,False,12.2,8.3,9.7,0.0
2008-03-21,5.6,0.0,7.2,0.6,2066.442,False,2008,3,4,81,False,6.6000000000000005,3.9,14.1,0.0
2008-03-22,3.2,0.0,10.0,1.1,2053.516,False,2008,3,5,82,True,8.9,5.55,12.45,0.0
2008-03-23,2.6,0.0,8.9,-1.1,2325.99,False,2008,3,6,83,True,10.0,3.9000000000000004,14.1,0.0
2008-03-24,2.9,0.0,10.0,0.6,1974.668,False,2008,3,0,84,False,9.4,5.3,12.7,0.0
2008-03-25,3.6,0.0,8.9,-0.6,2015.856,False,2008,3,1,85,False,9.5,4.15,13.85,0.0
2008-03-26,3.1,0.0,16.1,6.1,1633.472,False,2008,3,2,86,False,10.000000000000002,11.100000000000001,6.899999999999999,0.0
2008-03-27,1.1,0.0,9.4,6.7,1370.822,False,2008,3,3,87,False,2.7,8.05,9.95,0.0
2008-03-28,3.5,0.3,8.9,3.3,1885.424,False,2008,3,4,88,False,5.6000000000000005,6.1,11.9,0.0
2008-03-29,4.1,0.0,8.3,0.6,2471.15,False,2008,3,5,89,True,7.700000000000001,4.45,13.55,0.0
2008-03-30,2.8,0.0,9.4,-2.2,2146.392,False,2008,3,6,90,True,11.600000000000001,3.6,14.4,0.0
2008-03-31,3.2,3.6,13.9,2.8,1377.57,False,2008,3,0,91,False,11.100000000000001,8.35,9.65,0.0
2008-04-01,3.8,7.6,19.4,12.2,2129.052,False,2008,4,1,92,False,7.199999999999999,15.799999999999999,2.200000000000001,0.0
2008-04-02,4.7,0.0,12.2,2.8,1691.672,False,2008,4,2,93,False,9.399999999999999,7.5,10.5,0.0
2008-04-03,2.1,1.3,10.0,0.6,1128.756,False,2008,4,3,94,False,9.4,5.3,12.7,0.0
2008-04-04,2.7,16.0,11.7,5.6,1631.918,False,2008,4,4,95,False,6.1,8.649999999999999,9.350000000000001,0.0
2008-04-05,2.9,2.0,15.0,10.0,1970.762,False,2008,4,5,96,True,5.0,12.5,5.5,0.0
2008-04-06,5.9,0.0,10.6,5.6,1696.318,False,2008,4,6,97,True,5.0,8.1,9.9,0.0
2008-04-07,4.8,0.0,10.6,5.0,1538.838,False,2008,4,0,98,False,5.6,7.8,10.2,0.0
2008-04-08,3.9,0.0,14.4,5.0,2657.516,False,2008,4,1,99,False,9.4,9.7,8.3,0.0
2008-04-09,2.1,0.5,14.4,4.4,1218.852,False,2008,4,2,100,False,10.0,9.4,8.6,0.0
2008-04-10,1.6,0.0,23.9,8.9,1477.746,False,2008,4,3,101,False,14.999999999999998,16.4,1.6000000000000014,0.0
2008-04-11,3.0,2.0,16.1,9.4,1877.664,False,2008,4,4,102,False,6.700000000000001,12.75,5.25,0.0
2008-04-12,2.2,8.6,24.4,8.9,2800.014,False,2008,4,5,103,True,15.499999999999998,16.65,1.3500000000000014,0.0
2008-04-13,3.8,0.0,13.3,6.1,2232.986,False,2008,4,6,104,True,7.200000000000001,9.7,8.3,0.0
2008-04-14,2.8,0.0,14.4,3.3,1589.582,False,2008,4,0,105,False,11.100000000000001,8.85,9.15,0.0
2008-04-15,2.4,0.0,16.1,5.6,1670.406,False,2008,4,1,106,False,10.500000000000002,10.850000000000001,7.149999999999999,0.0
2008-04-16,2.1,0.0,20.0,7.2,1489.064,False,2008,4,2,107,False,12.8,13.6,4.4,0.0
2008-04-17,1.7,0.0,22.8,7.8,1395.862,False,2008,4,3,108,False,15.0,15.3,2.6999999999999993,0.0
2008-04-18,1.4,0.0,28.9,10.6,1862.39,False,2008,4,4,109,False,18.299999999999997,19.75,0.0,1.75
2008-04-19,3.2,0.0,23.3,11.1,2253.71,False,2008,4,5,110,True,12.200000000000001,17.2,0.8000000000000007,0.0
2008-04-20,4.4,0.0,17.8,9.4,1791.418,False,2008,4,6,111,True,8.4,13.600000000000001,4.399999999999999,0.0
2008-04-21,5.1,0.0,17.2,8.3,1164.156,False,2008,4,0,112,False,8.899999999999999,12.75,5.25,0.0
2008-04-22,2.7,0.0,22.2,8.9,1627.676,False,2008,4,1,113,False,13.299999999999999,15.55,2.4499999999999993,0.0
2008-04-23,2.0,0.0,25.6,11.7,1357.328,False,2008,4,2,114,False,13.900000000000002,18.65,0.0,0.6499999999999986
2008-04-24,2.5,0.0,26.1,17.2,1043.772,False,2008,4,3,115,False,8.900000000000002,21.65,0.0,3.6499999999999986
2008-04-25,2.5,0.0,21.7,13.3,1267.734,False,2008,4,4,116,False,8.399999999999999,17.5,0.5,0.0
2008-04-26,3.4,0.3,17.8,10.6,903.166,False,2008,4,5,117,True,7.200000000000001,14.2,3.8000000000000007,0.0
2008-04-27,1.9,1.0,13.3,8.3,1008.24,False,2008,4,6,118,True,5.0,10.8,7.199999999999999,0.0
2008-04-28,3.1,30.0,14.4,8.3,659.052,False,2008,4,0,119,False,6.1,11.350000000000001,6.649999999999999,0.0
2008-04-29,3.1,1.0,13.9,7.8,1972.616,False,2008,4,1,120,False,6.1000000000000005,10.85,7.15,0.0
2008-04-30,2.9,0.0,13.9,5.6,1101.726,False,2008,4,2,121,False,8.3,9.75,8.25,0.0
2008-05-01,2.6,1.5,15.6,6.7,576.014,False,2008,5,3,122,False,8.899999999999999,11.15,6.85,0.0
2008-05-02,4.3,3.8,12.2,9.4,1497.768,False,2008,5,4,123,False,2.799999999999999,10.8,7.199999999999999,0.0
2008-05-03,5.5,0.0,14.4,8.3,1289.6,False,2008,5,5,124,True,6.1,11.350000000000001,6.649999999999999,0.0
2008-05-04,2.3,0.8,21.7,8.9,1470.97,False,2008,5,6,125,True,12.799999999999999,15.3,2.6999999999999993,0.0
2008-05-05,2.2,0.0,22.8,10.0,1366.932,False,2008,5,0,126,False,12.8,16.4,1.6000000000000014,0.0
2008-05-06,1.2,0.0,26.1,10.6,1789.98,False,2008,5,1,127,False,15.500000000000002,18.35,0.0,0.3500000000000014
2008-05-07,2.3,0.0,24.4,13.3,1176.264,False,2008,5,2,128,False,11.099999999999998,18.85,0.0,0.8500000000000014
2008-05-08,2.8,0.8,22.8,17.2,2116.698,False,2008,5,3,129,False,5.600000000000001,20.0,0.0,2.0
2008-05-09,5.0,32.3,17.8,8.9,1747.272,False,2008,5,4,130,False,8.9,13.350000000000001,4.649999999999999,0.0
2008-05-10,1.9,0.0,18.9,8.9,1909.128,False,2008,5,5,131,True,9.999999999999998,13.899999999999999,4.100000000000001,0.0
2008-05-11,3.3,0.0,16.7,9.4,1610.92,False,2008,5,6,132,True,7.299999999999999,13.05,4.949999999999999,0.0
2008-05-12,6.5,8.4,12.2,7.2,1524.204,False,2008,5,0,133,False,4.999999999999999,9.7,8.3,0.0
2008-05-13,3.5,0.0,22.2,10.0,1476.894,False,2008,5,1,134,False,12.2,16.1,1.8999999999999986,0.0
2008-05-14,2.4,0.0,24.4,10.0,1584.262,False,2008,5,2,135,False,14.399999999999999,17.2,0.8000000000000007,0.0
2008-05-15,1.5,0.0,23.9,11.7,1162.768,False,2008,5,3,136,False,12.2,17.799999999999997,0.20000000000000284,0.0
2008-05-16,3.9,24.1,16.7,9.4,1648.03,False,2008,5,4,137,False,7.299999999999999,13.05,4.949999999999999,0.0
2008-05-17,2.9,1.0,22.2,8.3,1657.454,False,2008,5,5,138,True,13.899999999999999,15.25,2.75,0.0
2008-05-18,2.1,3.8,18.9,11.1,1803.958,False,2008,5,6,139,True,7.799999999999999,15.0,3.0,0.0
2008-05-19,3.4,0.0,15.0,9.4,1030.262,False,2008,5,0,140,False,5.6,12.2,5.800000000000001,0.0
2008-05-20,2.2,11.4,13.3,8.9,1581.334,False,2008,5,1,141,False,4.4,11.100000000000001,6.899999999999999,0.0
2008-05-21,1.8,0.0,20.0,8.3,1324.112,False,2008,5,2,142,False,11.7,14.15,3.8499999999999996,0.0
2008-05-22,2.9,2.0,15.6,8.3,976.868,False,2008,5,3,143,False,7.299999999999999,11.95,6.050000000000001,0.0
2008-05-23,3.6,0.0,20.6,9.4,1484.916,False,2008,5,4,144,False,11.200000000000001,15.0,3.0,0.0
2008-05-24,2.1,0.0,21.7,11.7,1580.176,False,2008,5,5,145,True,10.0,16.7,1.3000000000000007,0.0
2008-05-25,2.1,0.0,25.0,11.7,2048.504,False,2008,5,6,146,True,13.3,18.35,0.0,0.3500000000000014
2008-05-26,3.1,0.0,26.7,14.4,1289.71,False,2008,5,0,147,False,12.299999999999999,20.55,0.0,2.5500000000000007
2008-05-27,3.1,5.8,28.3,15.6,1708.7,False,2008,5,1,148,False,12.700000000000001,21.95,0.0,3.9499999999999993
2008-05-28,3.0,0.0,20.0,11.7,1114.372,False,2008,5,2,149,False,8.3,15.85,2.1500000000000004,0.0
2008-05-29,2.3,0.0,23.9,10.0,1135.076,False,2008,5,3,150,False,13.899999999999999,16.95,1.0500000000000007,0.0
2008-05-30,2.1,0.0,27.8,14.4,1397.244,False,2008,5,4,151,False,13.4,21.1,0.0,3.1000000000000014
2008-05-31,2.6,6.1,24.4,17.8,1641.47,False,2008,5,5,152,True,6.599999999999998,21.1,0.0,3.1000000000000014
2008-06-01,2.8,0.0,27.8,18.3,1848.876,False,2008,6,6,153,True,9.5,23.05,0.0,5.050000000000001
2008-06-02,2.7,0.0,26.7,15.6,1074.012,False,2008,6,0,154,False,11.1,21.15,0.0,3.1499999999999986
2008-06-03,1.9,0.0,28.9,17.8,1597.816,False,2008,6,1,155,False,11.099999999999998,23.35,0.0,5.350000000000001
2008-06-04,2.2,17.0,21.7,13.9,1588.912,False,2008,6,2,156,False,7.799999999999999,17.8,0.1999999999999993,0.0
2008-06-05,2.6,0.3,23.3,16.1,1120.078,False,2008,6,3,157,False,7.199999999999999,19.700000000000003,0.0,1.7000000000000028
2008-06-06,2.0,0.0,23.3,15.0,1217.714,False,2008,6,4,158,False,8.3,19.15,0.0,1.1499999999999986
2008-06-07,1.8,0.0,34.4,16.1,1882.484,False,2008,6,5,159,True,18.299999999999997,25.25,0.0,7.25
2008-06-08,2.1,2.5,33.9,23.3,1542.322,False,2008,6,6,160,True,10.599999999999998,28.6,0.0,10.600000000000001
2008-06-09,2.7,0.0,35.6,24.4,1325.698,False,2008,6,0,161,False,11.200000000000003,30.0,0.0,12.0
2008-06-10,2.1,1.0,35.6,20.6,1067.09,False,2008,6,1,162,False,15.0,28.1,0.0,10.100000000000001
2008-06-11,2.0,0.0,29.4,21.1,1123.206,False,2008,6,2,163,False,8.299999999999997,25.25,0.0,7.25
2008-06-12,2.2,0.0,29.4,20.6,1259.332,False,2008,6,3,164,False,8.799999999999997,25.0,0.0,7.0
2008-06-13,2.1,0.0,28.3,18.9,1874.28,False,2008,6,4,165,False,9.400000000000002,23.6,0.0,5.600000000000001
2008-06-14,1.4,51.1,31.7,20.0,1384.92,False,2008,6,5,166,True,11.7,25.85,0.0,7.850000000000001
2008-06-15,1.6,2.0,28.3,18.3,2289.102,False,2008,6,6,167,True,10.0,23.3,0.0,5.300000000000001
2008-06-16,1.7,5.3,25.6,16.1,1303.044,False,2008,6,0,168,False,9.5,20.85,0.0,2.8500000000000014
2008-06-17,2.7,0.0,23.9,16.1,1145.084,False,2008,6,1,169,False,7.799999999999997,20.0,0.0,2.0
2008-06-18,1.6,1.8,22.8,13.9,1893.608,False,2008,6,2,170,False,8.9,18.35,0.0,0.3500000000000014
2008-06-19,1.8,0.0,24.4,13.9,1588.082,False,2008,6,3,171,False,10.499999999999998,19.15,0.0,1.1499999999999986
2008-06-20,1.6,5.1,26.1,16.1,1676.104,False,2008,6,4,172,False,10.0,21.1,0.0,3.1000000000000014
2008-06-21,1.4,0.0,28.3,15.6,1734.254,False,2008,6,5,173,True,12.700000000000001,21.95,0.0,3.9499999999999993
2008-06-22,2.7,1.3,26.1,20.6,1566.416,False,2008,6,6,174,True,5.5,23.35,0.0,5.350000000000001
2008-06-23,1.2,1.5,26.1,20.6,1251.796,False,2008,6,0,175,False,5.5,23.35,0.0,5.350000000000001
2008-06-24,2.6,2.5,26.7,17.8,1754.452,False,2008,6,1,176,False,8.899999999999999,22.25,0.0,4.25
2008-06-25,2.5,0.0,28.3,17.2,1261.77,False,2008,6,2,177,False,11.100000000000001,22.75,0.0,4.75
2008-06-26,2.2,0.8,27.2,21.7,1056.02,False,2008,6,3,178,False,5.5,24.45,0.0,6.449999999999999
2008-06-27,1.7,0.0,28.3,22.8,1755.152,False,2008,6,4,179,False,5.5,25.55,0.0,7.550000000000001
2008-06-28,1.2,11.9,31.7,22.2,1208.8,False,2008,6,5,180,True,9.5,26.95,0.0,8.95
2008-06-29,2.1,15.0,31.1,21.1,749.352,False,2008,6,6,181,True,10.0,26.1,0.0,8.100000000000001
2008-06-30,2.0,0.3,28.3,21.1,804.196,False,2008,6,0,182,False,7.199999999999999,24.700000000000003,0.0,6.700000000000003
2008-07-01,2.1,0.0,29.4,21.1,1215.24,False,2008,7,1,183,False,8.299999999999997,25.25,0.0,7.25
2008-07-02,2.1,0.0,29.4,19.4,1147.202,False,2008,7,2,184,False,10.0,24.4,0.0,6.399999999999999
2008-07-03,3.0,0.0,31.7,21.7,1098.36,False,2008,7,3,185,False,10.0,26.7,0.0,8.7
2008-07-04,1.2,8.1,25.6,20.6,942.02,False,2008,7,4,186,False,5.0,23.1,0.0,5.100000000000001
2008-07-05,1.1,6.4,23.3,20.0,1469.088,False,2008,7,5,187,True,3.3000000000000007,21.65,0.0,3.6499999999999986
2008-07-06,2.0,0.0,26.1,20.0,1805.064,False,2008,7,6,188,True,6.100000000000001,23.05,0.0,5.050000000000001
2008-07-07,1.6,0.0,27.8,21.1,983.39,False,2008,7,0,189,False,6.699999999999999,24.450000000000003,0.0,6.450000000000003
2008-07-08,2.9,0.0,31.7,22.8,1126.214,False,2008,7,1,190,False,8.899999999999999,27.25,0.0,9.25
2008-07-09,2.8,1.3,29.4,23.3,919.318,False,2008,7,2,191,False,6.099999999999998,26.35,0.0,8.350000000000001
2008-07-10,2.6,0.0,29.4,21.7,1251.276,False,2008,7,3,192,False,7.699999999999999,25.549999999999997,0.0,7.549999999999997
2008-07-11,1.9,0.0,30.6,18.9,1254.216,False,2008,7,4,193,False,11.700000000000003,24.75,0.0,6.75
2008-07-12,2.4,0.0,29.4,21.7,1328.852,False,2008,7,5,194,True,7.699999999999999,25.549999999999997,0.0,7.549999999999997
2008-07-13,3.2,0.0,28.9,21.7,1253.754,False,2008,7,6,195,True,7.199999999999999,25.299999999999997,0.0,7.299999999999997
2008-07-14,1.4,11.9,27.2,19.4,1137.926,False,2008,7,0,196,False,7.800000000000001,23.299999999999997,0.0,5.299999999999997
2008-07-15,1.6,0.0,31.7,21.1,1155.86,False,2008,7,1,197,False,10.599999999999998,26.4,0.0,8.399999999999999
2008-07-16,1.4,0.0,33.3,21.1,1077.062,False,2008,7,2,198,False,12.199999999999996,27.2,0.0,9.2
2008-07-17,1.5,0.0,33.9,22.2,1319.122,False,2008,7,3,199,False,11.7,28.049999999999997,0.0,10.049999999999997
2008-07-18,2.1,0.0,34.4,23.3,1261.584,False,2008,7,4,200,False,11.099999999999998,28.85,0.0,10.850000000000001
2008-07-19,2.8,0.0,35.6,25.6,1344.014,False,2008,7,5,201,True,10.0,30.6,0.0,12.600000000000001
2008-07-20,3.1,0.3,34.4,23.9,941.534,False,2008,7,6,202,True,10.5,29.15,0.0,11.149999999999999
2008-07-21,2.5,0.3,33.3,22.8,1156.478,False,2008,7,0,203,False,10.499999999999996,28.049999999999997,0.0,10.049999999999997
2008-07-22,2.8,0.3,30.6,22.8,740.242,False,2008,7,1,204,False,7.800000000000001,26.700000000000003,0.0,8.700000000000003
2008-07-23,2.2,25.4,26.7,20.6,942.63,False,2008,7,2,205,False,6.099999999999998,23.65,0.0,5.649999999999999
2008-07-24,2.9,16.8,27.2,20.6,1093.45,False,2008,7,3,206,False,6.599999999999998,23.9,0.0,5.899999999999999
2008-07-25,1.6,0.0,30.0,18.9,865.534,False,2008,7,4,207,False,11.100000000000001,24.45,0.0,6.449999999999999
2008-07-26,2.6,0.0,30.6,21.7,815.684,False,2008,7,5,208,True,8.900000000000002,26.15,0.0,8.149999999999999
2008-07-27,2.1,1.5,28.3,19.4,1147.396,False,2008,7,6,209,True,8.900000000000002,23.85,0.0,5.850000000000001
2008-07-28,1.1,0.0,30.0,18.9,825.804,False,2008,7,0,210,False,11.100000000000001,24.45,0.0,6.449999999999999
2008-07-29,1.9,0.0,31.7,22.2,1166.558,False,2008,7,1,211,False,9.5,26.95,0.0,8.95
2008-07-30,1.7,0.0,30.6,22.2,1299.908,False,2008,7,2,212,False,8.400000000000002,26.4,0.0,8.399999999999999
2008-07-31,1.8,0.0,31.7,23.9,1392.638,False,2008,7,3,213,False,7.800000000000001,27.799999999999997,0.0,9.799999999999997
2008-08-01,1.5,0.0,32.2,23.3,739.576,False,2008,8,4,214,False,8.900000000000002,27.75,0.0,9.75
2008-08-02,1.4,13.0,27.2,19.4,505.776,False,2008,8,5,215,True,7.800000000000001,23.299999999999997,0.0,5.299999999999997
2008-08-03,2.7,0.0,28.9,17.8,504.782,False,2008,8,6,216,True,11.099999999999998,23.35,0.0,5.350000000000001
2008-08-04,2.6,0.0,29.4,20.0,1125.92,False,2008,8,0,217,False,9.399999999999999,24.7,0.0,6.699999999999999
2008-08-05,2.2,1.0,30.0,20.6,827.118,False,2008,8,1,218,False,9.399999999999999,25.3,0.0,7.300000000000001
2008-08-06,2.4,8.4,30.6,21.1,326.112,False,2008,8,2,219,False,9.5,25.85,0.0,7.850000000000001
2008-08-07,1.9,2.0,30.0,18.9,334.884,False,2008,8,3,220,False,11.100000000000001,24.45,0.0,6.449999999999999
2008-08-08,2.2,4.3,26.7,17.8,302.2,False,2008,8,4,221,False,8.899999999999999,22.25,0.0,4.25
2008-08-09,1.9,0.0,27.2,17.2,358.924,False,2008,8,5,222,True,10.0,22.2,0.0,4.199999999999999
2008-08-10,2.1,1.0,27.2,18.3,352.032,False,2008,8,6,223,True,8.899999999999999,22.75,0.0,4.75
2008-08-11,1.9,30.0,22.8,15.0,371.916,False,2008,8,0,224,False,7.800000000000001,18.9,0.0,0.8999999999999986
2008-08-12,2.5,0.0,27.8,15.6,288.984,False,2008,8,1,225,False,12.200000000000001,21.7,0.0,3.6999999999999993
2008-08-13,1.6,0.0,28.3,17.8,282.584,False,2008,8,2,226,False,10.5,23.05,0.0,5.050000000000001
2008-08-14,1.4,12.7,30.0,17.8,270.258,False,2008,8,3,227,False,12.2,23.9,0.0,5.899999999999999
2008-08-15,1.0,14.0,26.7,17.8,273.654,False,2008,8,4,228,False,8.899999999999999,22.25,0.0,4.25
2008-08-16,1.4,0.0,27.2,17.2,274.814,False,2008,8,5,229,True,10.0,22.2,0.0,4.199999999999999
2008-08-17,2.0,0.0,28.3,18.3,274.796,False,2008,8,6,230,True,10.0,23.3,0.0,5.300000000000001
2008-08-18,2.8,0.0,30.6,21.1,273.758,False,2008,8,0,231,False,9.5,25.85,0.0,7.850000000000001
2008-08-19,2.9,0.0,28.3,18.3,274.692,False,2008,8,1,232,False,10.0,23.3,0.0,5.300000000000001
2008-08-20,1.9,0.0,25.6,14.4,268.472,False,2008,8,2,233,False,11.200000000000001,20.0,0.0,2.0
2008-08-21,1.5,0.0,27.8,16.7,261.298,False,2008,8,3,234,False,11.100000000000001,22.25,0.0,4.25
2008-08-22,1.4,0.0,28.3,18.9,267.124,False,2008,8,4,235,False,9.400000000000002,23.6,0.0,5.600000000000001
2008-08-23,1.7,0.0,27.2,18.9,254.642,False,2008,8,5,236,True,8.3,23.049999999999997,0.0,5.049999999999997
2008-08-24,2.2,0.0,27.8,20.0,254.716,False,2008,8,6,237,True,7.800000000000001,23.9,0.0,5.899999999999999
2008-08-25,2.6,0.0,29.4,19.4,250.298,False,2008,8,0,238,False,10.0,24.4,0.0,6.399999999999999
2008-08-26,2.7,0.0,26.7,16.1,257.564,False,2008,8,1,239,False,10.599999999999998,21.4,0.0,3.3999999999999986
2008-08-27,2.3,0.0,26.1,16.1,258.114,False,2008,8,2,240,False,10.0,21.1,0.0,3.1000000000000014
2008-08-28,1.8,0.0,28.9,17.2,268.246,False,2008,8,3,241,False,11.7,23.049999999999997,0.0,5.049999999999997
2008-08-29,2.2,0.0,27.2,19.4,267.588,False,2008,8,4,242,False,7.800000000000001,23.299999999999997,0.0,5.299999999999997
2008-08-30,1.1,55.4,28.3,19.4,270.424,False,2008,8,5,243,True,8.900000000000002,23.85,0.0,5.850000000000001
2008-08-31,1.7,0.0,28.9,18.3,1500.614,False,2008,8,6,244,True,10.599999999999998,23.6,0.0,5.600000000000001
2008-09-01,1.8,0.0,28.9,17.8,1247.51,False,2008,9,0,245,False,11.099999999999998,23.35,0.0,5.350000000000001
2008-09-02,2.2,0.0,31.1,20.0,1384.154,False,2008,9,1,246,False,11.100000000000001,25.55,0.0,7.550000000000001
2008-09-03,2.2,0.0,28.3,20.0,1388.486,False,2008,9,2,247,False,8.3,24.15,0.0,6.149999999999999
2008-09-04,2.1,0.0,32.2,21.1,1225.22,False,2008,9,3,248,False,11.100000000000001,26.650000000000002,0.0,8.650000000000002
2008-09-05,3.0,7.1,30.0,22.2,873.96,False,2008,9,4,249,False,7.800000000000001,26.1,0.0,8.100000000000001
2008-09-06,3.4,82.8,27.2,21.1,1868.574,False,2008,9,5,250,True,6.099999999999998,24.15,0.0,6.149999999999999
2008-09-07,3.0,0.0,26.7,19.4,1372.656,False,2008,9,6,251,True,7.300000000000001,23.049999999999997,0.0,5.049999999999997
2008-09-08,1.7,0.0,27.2,17.8,1309.324,False,2008,9,0,252,False,9.399999999999999,22.5,0.0,4.5
2008-09-09,2.2,11.4,23.9,18.3,1159.654,False,2008,9,1,253,False,5.599999999999998,21.1,0.0,3.1000000000000014
2008-09-10,2.4,0.0,22.8,15.0,1300.764,False,2008,9,2,254,False,7.800000000000001,18.9,0.0,0.8999999999999986
2008-09-11,2.0,0.0,22.2,16.1,1028.714,False,2008,9,3,255,False,6.099999999999998,19.15,0.0,1.1499999999999986
2008-09-12,2.2,9.9,21.1,17.2,1392.762,False,2008,9,4,256,False,3.900000000000002,19.15,0.0,1.1499999999999986
2008-09-13,0.7,0.0,27.2,18.3,1631.436,False,2008,9,5,257,True,8.899999999999999,22.75,0.0,4.75
2008-09-14,2.2,0.0,31.1,21.1,1576.326,False,2008,9,6,258,True,10.0,26.1,0.0,8.100000000000001
2008-09-15,3.5,0.0,28.3,18.3,1697.708,False,2008,9,0,259,False,10.0,23.3,0.0,5.300000000000001
2008-09-16,1.8,0.0,21.1,16.1,1221.862,False,2008,9,1,260,False,5.0,18.6,0.0,0.6000000000000014
2008-09-17,1.0,0.0,23.3,13.9,1519.21,False,2008,9,2,261,False,9.4,18.6,0.0,0.6000000000000014
2008-09-18,3.3,0.0,22.8,15.0,1505.29,False,2008,9,3,262,False,7.800000000000001,18.9,0.0,0.8999999999999986
2008-09-19,3.9,0.0,18.9,11.1,1518.846,False,2008,9,4,263,False,7.799999999999999,15.0,3.0,0.0
2008-09-20,1.6,0.0,20.6,10.6,1304.6,False,2008,9,5,264,True,10.000000000000002,15.600000000000001,2.3999999999999986,0.0
2008-09-21,1.0,0.0,26.7,13.3,1533.07,False,2008,9,6,265,True,13.399999999999999,20.0,0.0,2.0
2008-09-22,3.2,0.0,23.3,15.6,1358.564,False,2008,9,0,266,False,7.700000000000001,19.45,0.0,1.4499999999999993
2008-09-23,2.5,0.0,21.1,12.2,1232.788,False,2008,9,1,267,False,8.900000000000002,16.65,1.3500000000000014,0.0
2008-09-24,2.6,0.0,20.6,12.8,1718.35,False,2008,9,2,268,False,7.800000000000001,16.700000000000003,1.2999999999999972,0.0
2008-09-25,5.2,3.8,18.3,12.8,1131.22,False,2008,9,3,269,False,5.5,15.55,2.4499999999999993,0.0
2008-09-26,5.1,59.4,18.9,13.3,1431.45,False,2008,9,4,270,False,5.599999999999998,16.1,1.8999999999999986,0.0
2008-09-27,3.0,0.3,20.6,17.2,2127.446,False,2008,9,5,271,True,3.400000000000002,18.9,0.0,0.8999999999999986
2008-09-28,0.8,4.3,21.7,18.9,1731.104,False,2008,9,6,272,True,2.8000000000000007,20.299999999999997,0.0,2.299999999999997
2008-09-29,2.1,0.0,23.3,16.1,1501.738,False,2008,9,0,273,False,7.199999999999999,19.700000000000003,0.0,1.7000000000000028
2008-09-30,0.9,0.0,20.6,15.0,1375.006,False,2008,9,1,274,False,5.600000000000001,17.8,0.1999999999999993,0.0
2008-10-01,1.4,7.6,21.7,13.9,1872.364,False,2008,10,2,275,False,7.799999999999999,17.8,0.1999999999999993,0.0
2008-10-02,3.3,0.0,16.7,11.1,1345.342,False,2008,10,3,276,False,5.6,13.899999999999999,4.100000000000001,0.0
2008-10-03,2.6,0.0,16.7,10.6,1612.58,False,2008,10,4,277,False,6.1,13.649999999999999,4.350000000000001,0.0
2008-10-04,1.5,0.0,16.1,8.3,2100.496,False,2008,10,5,278,True,7.800000000000001,12.200000000000001,5.799999999999999,0.0
2008-10-05,1.9,8.1,16.7,11.1,1549.95,False,2008,10,6,279,True,5.6,13.899999999999999,4.100000000000001,0.0
2008-10-06,2.3,0.0,17.8,8.3,1423.782,False,2008,10,0,280,False,9.5,13.05,4.949999999999999,0.0
2008-10-07,1.4,0.0,17.2,6.7,1726.568,False,2008,10,1,281,False,10.5,11.95,6.050000000000001,0.0
2008-10-08,1.9,0.3,17.8,8.3,1860.576,False,2008,10,2,282,False,9.5,13.05,4.949999999999999,0.0
2008-10-09,2.8,1.0,23.9,14.4,1983.682,False,2008,10,3,283,False,9.499999999999998,19.15,0.0,1.1499999999999986
2008-10-10,1.4,0.0,22.2,14.4,1518.338,False,2008,10,4,284,False,7.799999999999999,18.3,0.0,0.3000000000000007
2008-10-11,1.3,0.0,20.6,11.1,1669.386,False,2008,10,5,285,True,9.500000000000002,15.850000000000001,2.1499999999999986,0.0
2008-10-12,1.4,0.0,21.1,11.7,1907.94,False,2008,10,6,286,True,9.400000000000002,16.4,1.6000000000000014,0.0
2008-10-13,1.6,0.0,23.3,14.4,1461.976,False,2008,10,0,287,False,8.9,18.85,0.0,0.8500000000000014
2008-10-14,1.8,0.0,20.0,14.4,1609.056,False,2008,10,1,288,False,5.6,17.2,0.8000000000000007,0.0
2008-10-15,1.0,0.0,21.1,13.9,2156.896,False,2008,10,2,289,False,7.200000000000001,17.5,0.5,0.0
2008-10-16,2.4,0.0,23.9,12.8,1583.68,False,2008,10,3,290,False,11.099999999999998,18.35,0.0,0.3500000000000014
2008-10-17,3.0,0.0,15.6,10.0,1866.886,False,2008,10,4,291,False,5.6,12.8,5.199999999999999,0.0
2008-10-18,4.0,0.0,14.4,6.1,2239.19,False,2008,10,5,292,True,8.3,10.25,7.75,0.0
2008-10-19,3.6,0.0,12.8,5.6,1971.934,False,2008,10,6,293,True,7.200000000000001,9.2,8.8,0.0
2008-10-20,2.1,0.0,15.6,5.0,1667.554,False,2008,10,0,294,False,10.6,10.3,7.699999999999999,0.0
2008-10-21,3.8,0.3,16.1,7.2,2063.716,False,2008,10,1,295,False,8.900000000000002,11.65,6.35,0.0
2008-10-22,4.3,0.0,11.7,5.0,1646.01,False,2008,10,2,296,False,6.699999999999999,8.35,9.65,0.0
2008-10-23,2.3,0.0,11.7,4.4,1830.494,False,2008,10,3,297,False,7.299999999999999,8.05,9.95,0.0
2008-10-24,1.4,0.0,13.9,3.9,2133.226,False,2008,10,4,298,False,10.0,8.9,9.1,0.0
2008-10-25,3.8,23.9,18.3,11.7,1523.156,False,2008,10,5,299,True,6.600000000000001,15.0,3.0,0.0
2008-10-26,2.4,0.0,16.7,8.9,523.492,False,2008,10,6,300,True,7.799999999999999,12.8,5.199999999999999,0.0
2008-10-27,1.9,2.0,17.8,7.8,523.892,False,2008,10,0,301,False,10.0,12.8,5.199999999999999,0.0
2008-10-28,5.0,48.8,8.3,3.9,1327.29,False,2008,10,1,302,False,4.4,6.1000000000000005,11.899999999999999,0.0
2008-10-29,4.2,0.0,7.8,3.3,1612.576,False,2008,10,2,303,False,4.5,5.55,12.45,0.0
2008-10-30,3.1,0.0,8.9,2.2,1098.6,False,2008,10,3,304,False,6.7,5.550000000000001,12.45,0.0
2008-10-31,2.6,0.0,16.1,4.4,1285.832,False,2008,10,4,305,False,11.700000000000001,10.25,7.75,0.0
2008-11-01,2.0,0.0,18.9,10.0,830.498,False,2008,11,5,306,True,8.899999999999999,14.45,3.5500000000000007,0.0
2008-11-02,3.5,0.0,10.0,3.3,910.614,False,2008,11,6,307,True,6.7,6.65,11.35,0.0
2008-11-03,0.7,0.3,14.4,7.2,847.6,False,2008,11,0,308,False,7.2,10.8,7.199999999999999,0.0
2008-11-04,0.6,0.0,17.2,9.4,1562.316,False,2008,11,1,309,False,7.799999999999999,13.3,4.699999999999999,0.0
2008-11-05,4.1,7.4,17.8,12.2,3134.93,False,2008,11,2,310,False,5.600000000000001,15.0,3.0,0.0
2008-11-06,4.7,3.3,16.7,14.4,1588.438,False,2008,11,3,311,False,2.299999999999999,15.55,2.4499999999999993,0.0
2008-11-07,1.2,0.0,17.8,14.4,1619.184,False,2008,11,4,312,False,3.4000000000000004,16.1,1.8999999999999986,0.0
2008-11-08,2.3,7.6,15.6,11.7,1733.138,False,2008,11,5,313,True,3.9000000000000004,13.649999999999999,4.350000000000001,0.0
2008-11-09,3.0,0.0,13.3,8.3,2578.538,False,2008,11,6,314,True,5.0,10.8,7.199999999999999,0.0
2008-11-10,3.9,0.0,10.6,5.6,2091.88,False,2008,11,0,315,False,5.0,8.1,9.9,0.0
2008-11-11,3.1,0.0,10.6,2.8,2455.95,False,2008,11,1,316,False,7.8,6.699999999999999,11.3,0.0
2008-11-12,1.5,0.0,10.0,4.4,2186.494,False,2008,11,2,317,False,5.6,7.2,10.8,0.0
2008-11-13,2.3,13.5,14.4,7.2,1238.46,False,2008,11,3,318,False,7.2,10.8,7.199999999999999,0.0
2008-11-14,1.4,2.5,17.8,13.9,1621.738,False,2008,11,4,319,False,3.9000000000000004,15.850000000000001,2.1499999999999986,0.0
2008-11-15,2.9,18.8,19.4,14.4,3031.628,False,2008,11,5,320,True,4.999999999999998,16.9,1.1000000000000014,0.0
2008-11-16,5.0,3.8,15.6,4.4,2365.432,False,2008,11,6,321,True,11.2,10.0,8.0,0.0
2008-11-17,2.9,0.0,8.3,2.2,1523.636,False,2008,11,0,322,False,6.1000000000000005,5.25,12.75,0.0
2008-11-18,3.7,0.0,5.0,-1.7,1749.05,False,2008,11,1,323,False,6.7,1.65,16.35,0.0
2008-11-19,3.4,0.0,2.8,-3.3,1840.238,False,2008,11,2,324,False,6.1,-0.25,18.25,0.0
2008-11-20,2.6,0.0,3.3,-1.1,1692.336,False,2008,11,3,325,False,4.4,1.0999999999999999,16.9,0.0
2008-11-21,3.1,0.0,3.3,-3.9,1673.93,False,2008,11,4,326,False,7.199999999999999,-0.30000000000000004,18.3,0.0
2008-11-22,4.7,0.0,0.0,-5.0,1711.368,False,2008,11,5,327,True,5.0,-2.5,20.5,0.0
2008-11-23,2.7,0.0,2.2,-4.4,3405.324,False,2008,11,6,328,True,6.6000000000000005,-1.1,19.1,0.0
2008-11-24,3.3,4.1,10.0,0.6,3212.998,False,2008,11,0,329,False,9.4,5.3,12.7,0.0
2008-11-25,2.7,10.4,8.3,2.2,2702.85,False,2008,11,1,330,False,6.1000000000000005,5.25,12.75,0.0
2008-11-26,3.0,0.0,7.2,2.2,1515.954,False,2008,11,2,331,False,5.0,4.7,13.3,0.0
2008-11-27,2.6,0.0,6.7,1.7,2362.218,False,2008,11,3,332,False,5.0,4.2,13.8,0.0
2008-11-28,3.3,0.0,9.4,3.9,1885.964,False,2008,11,4,333,False,5.5,6.65,11.35,0.0
2008-11-29,2.4,0.0,7.8,1.7,2434.668,False,2008,11,5,334,True,6.1,4.75,13.25,0.0
2008-11-30,4.7,18.3,6.1,2.2,2401.388,False,2008,11,6,335,True,3.8999999999999995,4.15,13.85,0.0
2008-12-01,3.8,2.8,12.8,6.1,1616.538,False,2008,12,0,336,False,6.700000000000001,9.45,8.55,0.0
2008-12-02,3.1,0.0,7.2,1.7,1793.444,False,2008,12,1,337,False,5.5,4.45,13.55,0.0
2008-12-03,2.8,0.0,5.6,0.0,1755.164,False,2008,12,2,338,False,5.6,2.8,15.2,0.0
2008-12-04,3.3,0.8,10.0,3.9,1738.638,False,2008,12,3,339,False,6.1,6.95,11.05,0.0
2008-12-05,2.2,0.0,5.0,0.0,2058.618,False,2008,12,4,340,False,5.0,2.5,15.5,0.0
2008-12-06,2.2,0.5,2.2,-2.2,2523.836,False,2008,12,5,341,True,4.4,0.0,18.0,0.0
2008-12-07,4.8,0.0,2.2,-6.7,2466.74,False,2008,12,6,342,True,8.9,-2.25,20.25,0.0
2008-12-08,3.3,0.0,-1.1,-7.2,1868.636,False,2008,12,0,343,False,6.1,-4.15,22.15,0.0
2008-12-09,3.3,0.0,14.4,-1.1,2003.144,False,2008,12,1,344,False,15.5,6.65,11.35,0.0
2008-12-10,3.7,6.9,18.3,6.1,2111.02,False,2008,12,2,345,False,12.200000000000001,12.2,5.800000000000001,0.0
2008-12-11,5.3,59.7,6.1,2.8,1432.522,False,2008,12,3,346,False,3.3,4.449999999999999,13.55,0.0
2008-12-12,4.0,23.6,6.7,0.0,1815.534,False,2008,12,4,347,False,6.7,3.35,14.65,0.0
2008-12-13,3.3,0.0,0.0,-2.8,1825.574,False,2008,12,5,348,True,2.8,-1.4,19.4,0.0
2008-12-14,2.9,0.0,9.4,-1.7,2002.12,False,2008,12,6,349,True,11.1,3.85,14.15,0.0
2008-12-15,3.0,0.3,19.4,8.9,1795.45,False,2008,12,0,350,False,10.499999999999998,14.149999999999999,3.8500000000000014,0.0
2008-12-16,3.4,7.1,14.4,-1.1,1797.09,False,2008,12,1,351,False,15.5,6.65,11.35,0.0
2008-12-17,3.1,10.7,5.6,0.0,2098.786,False,2008,12,2,352,False,5.6,2.8,15.2,0.0
2008-12-18,1.8,0.0,5.6,2.2,1736.94,False,2008,12,3,353,False,3.3999999999999995,3.9,14.1,0.0
2008-12-19,4.6,23.6,2.8,-1.7,1882.112,False,2008,12,4,354,False,4.5,0.5499999999999999,17.45,0.0
2008-12-20,3.9,1.0,-0.6,-5.6,2242.502,False,2008,12,5,355,True,5.0,-3.0999999999999996,21.1,0.0
2008-12-21,4.3,14.7,2.8,-3.9,2643.61,False,2008,12,6,356,True,6.699999999999999,-0.55,18.55,0.0
2008-12-22,6.2,0.0,-2.8,-10.6,2015.808,False,2008,12,0,357,False,7.8,-6.699999999999999,24.7,0.0
2008-12-23,2.6,0.0,-0.6,-7.8,1798.088,False,2008,12,1,358,False,7.2,-4.2,22.2,0.0
2008-12-24,3.2,11.7,14.4,-0.6,1269.638,False,2008,12,2,359,False,15.0,6.9,11.1,0.0
2008-12-25,4.4,3.3,13.9,0.6,1061.118,False,2008,12,3,360,False,13.3,7.25,10.75,0.0
2008-12-26,2.3,0.5,5.0,0.0,1223.732,False,2008,12,4,361,False,5.0,2.5,15.5,0.0
2008-12-27,2.3,0.0,8.9,5.0,2972.164,False,2008,12,5,362,True,3.9000000000000004,6.95,11.05,0.0
2008-12-28,4.2,0.0,18.3,8.3,1570.642,False,2008,12,6,363,True,10.0,13.3,4.699999999999999,0.0
2008-12-29,3.2,0.0,8.3,2.8,555.278,False,2008,12,0,364,False,5.500000000000001,5.550000000000001,12.45,0.0
2008-12-30,4.3,0.0,6.1,0.6,1195.238,False,2008,12,1,365,False,5.5,3.3499999999999996,14.65,0.0
2008-12-31,5.8,1.0,1.7,-7.8,1964.188,False,2008,12,2,366,False,9.5,-3.05,21.05,0.0
2009-01-01,5.0,0.0,-3.3,-9.4,1406.692,False,2009,1,3,1,False,6.1000000000000005,-6.35,24.35,0.0
2009-01-02,2.8,0.0,1.1,-5.0,2327.51,False,2009,1,4,2,False,6.1,-1.95,19.95,0.0
2009-01-03,4.5,0.0,3.3,-1.7,1913.496,False,2009,1,5,3,True,5.0,0.7999999999999999,17.2,0.0
2009-01-04,3.4,0.0,5.6,-3.9,1939.994,False,2009,1,6,4,True,9.5,0.8499999999999999,17.15,0.0
2009-01-05,3.1,0.0,6.1,3.3,1604.0,False,2009,1,0,5,False,2.8,4.699999999999999,13.3,0.0
2009-01-06,3.0,2.0,3.3,-0.6,1689.862,False,2009,1,1,6,False,3.9,1.3499999999999999,16.65,0.0
2009-01-07,4.7,30.2,3.3,-0.6,2080.272,False,2009,1,2,7,False,3.9,1.3499999999999999,16.65,0.0
2009-01-08,5.1,0.0,3.3,-1.7,1633.27,False,2009,1,3,8,False,5.0,0.7999999999999999,17.2,0.0
2009-01-09,4.3,0.0,0.0,-3.3,1788.702,False,2009,1,4,9,False,3.3,-1.65,19.65,0.0
2009-01-10,3.0,3.6,-1.1,-5.0,2102.948,False,2009,1,5,10,True,3.9,-3.05,21.05,0.0
2009-01-11,3.1,4.8,-0.6,-4.4,1975.988,False,2009,1,6,11,True,3.8000000000000003,-2.5,20.5,0.0
2009-01-12,2.8,0.0,0.6,-6.1,1589.278,False,2009,1,0,12,False,6.699999999999999,-2.75,20.75,0.0
2009-01-13,2.4,0.0,5.0,-2.2,2182.6,False,2009,1,1,13,False,7.2,1.4,16.6,0.0
2009-01-14,3.8,0.0,2.2,-8.9,1776.282,False,2009,1,2,14,False,11.100000000000001,-3.35,21.35,0.0
2009-01-15,3.4,1.3,-5.6,-9.4,1564.068,False,2009,1,3,15,False,3.8000000000000007,-7.5,25.5,0.0
2009-01-16,4.1,0.0,-8.9,-12.8,2766.554,False,2009,1,4,16,False,3.9000000000000004,-10.850000000000001,28.85,0.0
2009-01-17,2.5,0.0,-5.6,-14.4,3317.82,False,2009,1,5,17,True,8.8,-10.0,28.0,0.0
2009-01-18,2.4,4.6,1.7,-5.6,3154.194,False,2009,1,6,18,True,7.3,-1.9499999999999997,19.95,0.0
2009-01-19,1.0,4.6,0.6,-3.3,1699.866,False,2009,1,0,19,False,3.9,-1.3499999999999999,19.35,0.0
2009-01-20,2.7,0.0,-1.7,-7.2,1738.028,False,2009,1,1,20,False,5.5,-4.45,22.45,0.0
2009-01-21,3.7,0.0,-3.3,-8.3,1739.434,False,2009,1,2,21,False,5.000000000000001,-5.800000000000001,23.8,0.0
2009-01-22,3.0,0.0,2.8,-6.7,1237.356,False,2009,1,3,22,False,9.5,-1.9500000000000002,19.95,0.0
2009-01-23,2.2,0.0,8.3,-0.6,1910.536,False,2009,1,4,23,False,8.9,3.8500000000000005,14.149999999999999,0.0
2009-01-24,5.1,0.0,7.8,-8.3,2200.77,False,2009,1,5,24,True,16.1,-0.25000000000000044,18.25,0.0
2009-01-25,2.8,0.0,-2.8,-10.6,2843.664,False,2009,1,6,25,True,7.8,-6.699999999999999,24.7,0.0
2009-01-26,2.2,0.0,-1.7,-7.2,1674.472,False,2009,1,0,26,False,5.5,-4.45,22.45,0.0
2009-01-27,1.9,0.0,-1.7,-3.9,1425.03,False,2009,1,1,27,False,2.2,-2.8,20.8,0.0
2009-01-28,4.3,24.6,5.0,-4.4,2721.734,False,2009,1,2,28,False,9.4,0.2999999999999998,17.7,0.0
2009-01-29,3.8,0.0,2.2,-3.3,1573.698,False,2009,1,3,29,False,5.5,-0.5499999999999998,18.55,0.0
2009-01-30,3.0,0.0,1.7,-3.3,2059.038,False,2009,1,4,30,False,5.0,-0.7999999999999999,18.8,0.0
2009-01-31,3.8,0.0,-2.8,-6.7,3312.852,False,2009,1,5,31,True,3.9000000000000004,-4.75,22.75,0.0
2009-02-01,3.4,0.0,11.1,-3.3,1807.46,False,2009,2,6,32,True,14.399999999999999,3.9,14.1,0.0
2009-02-02,2.3,0.0,11.7,1.1,1603.3,False,2009,2,0,33,False,10.6,6.3999999999999995,11.600000000000001,0.0
2009-02-03,3.6,8.9,1.1,-3.9,1868.39,False,2009,2,1,34,False,5.0,-1.4,19.4,0.0
2009-02-04,3.4,0.0,-1.1,-8.3,2460.924,False,2009,2,2,35,False,7.200000000000001,-4.7,22.7,0.0
2009-02-05,4.3,0.0,-5.0,-11.1,1649.088,False,2009,2,3,36,False,6.1,-8.05,26.05,0.0
2009-02-06,2.4,0.0,0.0,-9.4,2048.396,False,2009,2,4,37,False,9.4,-4.7,22.7,0.0
2009-02-07,1.7,0.0,10.0,-2.2,3131.536,False,2009,2,5,38,True,12.2,3.9,14.1,0.0
2009-02-08,4.3,0.0,14.4,3.3,2182.866,False,2009,2,6,39,True,11.100000000000001,8.85,9.15,0.0
2009-02-09,2.6,0.0,7.2,0.6,1706.638,False,2009,2,0,40,False,6.6000000000000005,3.9,14.1,0.0
2009-02-10,1.7,0.0,10.0,1.7,1943.822,False,2009,2,1,41,False,8.3,5.85,12.15,0.0
2009-02-11,2.0,0.8,18.3,7.2,2639.39,False,2009,2,2,42,False,11.100000000000001,12.75,5.25,0.0
2009-02-12,6.0,3.0,13.9,6.7,1968.66,False,2009,2,3,43,False,7.2,10.3,7.699999999999999,0.0
2009-02-13,5.4,0.0,6.7,-0.6,1690.022,False,2009,2,4,44,False,7.3,3.0500000000000003,14.95,0.0
2009-02-14,2.8,0.0,5.0,-2.2,2332.594,False,2009,2,5,45,True,7.2,1.4,16.6,0.0
2009-02-15,3.2,0.0,5.6,-2.2,1586.032,False,2009,2,6,46,True,7.8,1.6999999999999997,16.3,0.0
2009-02-16,2.4,0.0,4.4,-2.2,1318.994,False,2009,2,0,47,False,6.6000000000000005,1.1,16.9,0.0
2009-02-17,2.2,0.0,4.4,-4.4,781.698,False,2009,2,1,48,False,8.8,0.0,18.0,0.0
2009-02-18,2.5,8.1,6.7,0.0,826.45,False,2009,2,2,49,False,6.7,3.35,14.65,0.0
2009-02-19,4.1,0.0,10.0,-2.8,737.268,False,2009,2,3,50,False,12.8,3.6,14.4,0.0
2009-02-20,6.1,0.0,0.6,-5.0,1880.736,False,2009,2,4,51,False,5.6,-2.2,20.2,0.0
2009-02-21,3.4,0.0,5.6,-3.3,1316.184,False,2009,2,5,52,True,8.899999999999999,1.15,16.85,0.0
2009-02-22,4.0,1.8,6.7,-0.6,2238.478,False,2009,2,6,53,True,7.3,3.0500000000000003,14.95,0.0
2009-02-23,6.0,0.0,1.1,-4.4,2733.656,False,2009,2,0,54,False,5.5,-1.6500000000000001,19.65,0.0
2009-02-24,4.3,0.0,2.8,-5.6,1783.144,False,2009,2,1,55,False,8.399999999999999,-1.4,19.4,0.0
2009-02-25,1.9,0.0,5.6,-4.4,1169.844,False,2009,2,2,56,False,10.0,0.5999999999999996,17.4,0.0
2009-02-26,2.1,0.0,10.0,1.7,1156.852,False,2009,2,3,57,False,8.3,5.85,12.15,0.0
2009-02-27,3.6,1.0,16.1,6.1,2028.918,False,2009,2,4,58,False,10.000000000000002,11.100000000000001,6.899999999999999,0.0
2009-02-28,4.2,0.0,12.2,-0.6,1630.75,False,2009,2,5,59,True,12.799999999999999,5.8,12.2,0.0
2009-03-01,4.4,3.8,2.2,-2.2,2467.626,False,2009,3,6,60,True,4.4,0.0,18.0,0.0
2009-03-02,4.9,12.4,-2.2,-8.9,1477.442,False,2009,3,0,61,False,6.7,-5.550000000000001,23.55,0.0
2009-03-03,5.2,0.0,-3.3,-11.1,1848.952,False,2009,3,1,62,False,7.8,-7.199999999999999,25.2,0.0
2009-03-04,2.6,0.0,1.1,-7.8,1842.13,False,2009,3,2,63,False,8.9,-3.3499999999999996,21.35,0.0
2009-03-05,1.8,0.0,6.1,-2.2,1441.812,False,2009,3,3,64,False,8.3,1.9499999999999997,16.05,0.0
2009-03-06,3.6,0.3,12.8,3.3,1783.474,False,2009,3,4,65,False,9.5,8.05,9.95,0.0
2009-03-07,2.0,0.0,21.1,10.6,1696.466,False,2009,3,5,66,True,10.500000000000002,15.850000000000001,2.1499999999999986,0.0
2009-03-08,3.2,0.0,17.8,9.4,2357.166,False,2009,3,6,67,True,8.4,13.600000000000001,4.399999999999999,0.0
2009-03-09,3.5,2.5,9.4,3.3,1685.556,False,2009,3,0,68,False,6.1000000000000005,6.35,11.65,0.0
2009-03-10,2.3,0.3,8.3,2.8,1836.21,False,2009,3,1,69,False,5.500000000000001,5.550000000000001,12.45,0.0
2009-03-11,3.3,0.0,14.4,5.0,2405.904,False,2009,3,2,70,False,9.4,9.7,8.3,0.0
2009-03-12,4.1,0.0,6.7,0.0,1887.26,False,2009,3,3,71,False,6.7,3.35,14.65,0.0
2009-03-13,2.8,0.0,4.4,-2.8,1445.52,False,2009,3,4,72,False,7.2,0.8000000000000003,17.2,0.0
2009-03-14,2.2,0.0,10.6,0.0,2149.028,False,2009,3,5,73,True,10.6,5.3,12.7,0.0
2009-03-15,1.0,0.0,10.6,5.6,1942.062,False,2009,3,6,74,True,5.0,8.1,9.9,0.0
2009-03-16,2.8,0.0,8.3,4.4,1334.732,False,2009,3,0,75,False,3.9000000000000004,6.3500000000000005,11.649999999999999,0.0
2009-03-17,2.6,0.0,12.8,2.2,1931.91,False,2009,3,1,76,False,10.600000000000001,7.5,10.5,0.0
2009-03-18,3.6,0.0,17.8,5.0,1450.68,False,2009,3,2,77,False,12.8,11.4,6.6,0.0
2009-03-19,2.0,3.3,11.7,5.6,1191.532,False,2009,3,3,78,False,6.1,8.649999999999999,9.350000000000001,0.0
2009-03-20,3.4,1.0,7.8,0.6,1463.906,False,2009,3,4,79,False,7.2,4.2,13.8,0.0
2009-03-21,3.0,0.0,9.4,-0.6,1930.022,False,2009,3,5,80,True,10.0,4.4,13.6,0.0
2009-03-22,3.8,0.0,12.2,1.7,1689.17,False,2009,3,6,81,True,10.5,6.949999999999999,11.05,0.0
2009-03-23,3.9,0.0,6.7,-1.7,1296.45,False,2009,3,0,82,False,8.4,2.5,15.5,0.0
2009-03-24,3.6,0.0,10.0,-2.8,1661.712,False,2009,3,1,83,False,12.8,3.6,14.4,0.0
2009-03-25,2.5,0.0,11.1,1.7,1838.774,False,2009,3,2,84,False,9.4,6.3999999999999995,11.600000000000001,0.0
2009-03-26,2.1,10.2,7.2,5.6,1211.004,False,2009,3,3,85,False,1.6000000000000005,6.4,11.6,0.0
2009-03-27,2.1,0.0,17.2,6.7,1713.926,False,2009,3,4,86,False,10.5,11.95,6.050000000000001,0.0
2009-03-28,3.5,1.3,14.4,6.7,2260.976,False,2009,3,5,87,True,7.7,10.55,7.449999999999999,0.0
2009-03-29,3.4,9.4,11.1,5.6,2216.65,False,2009,3,6,88,True,5.5,8.35,9.65,0.0
2009-03-30,5.4,0.0,11.7,5.0,1477.452,False,2009,3,0,89,False,6.699999999999999,8.35,9.65,0.0
2009-03-31,3.2,0.0,15.6,3.3,1823.482,False,2009,3,1,90,False,12.3,9.45,8.55,0.0
2009-04-01,3.0,9.1,9.4,6.1,1641.14,False,2009,4,2,91,False,3.3000000000000007,7.75,10.25,0.0
2009-04-02,2.5,0.3,17.8,6.7,1644.334,False,2009,4,3,92,False,11.100000000000001,12.25,5.75,0.0
2009-04-03,3.7,23.1,16.1,8.9,1363.26,False,2009,4,4,93,False,7.200000000000001,12.5,5.5,0.0
2009-04-04,6.6,0.0,12.2,8.3,2191.232,False,2009,4,5,94,True,3.8999999999999986,10.25,7.75,0.0
2009-04-05,3.4,0.0,18.3,7.2,1375.716,False,2009,4,6,95,True,11.100000000000001,12.75,5.25,0.0
2009-04-06,2.8,14.2,12.8,7.2,1452.634,False,2009,4,0,96,False,5.6000000000000005,10.0,8.0,0.0
2009-04-07,4.3,0.0,9.4,3.9,1440.092,False,2009,4,1,97,False,5.5,6.65,11.35,0.0
2009-04-08,2.8,0.0,8.9,1.7,1534.6,False,2009,4,2,98,False,7.2,5.3,12.7,0.0
2009-04-09,2.2,0.0,17.2,5.0,1890.472,False,2009,4,3,99,False,12.2,11.1,6.9,0.0
2009-04-10,2.2,0.0,15.0,7.2,1842.114,False,2009,4,4,100,False,7.8,11.1,6.9,0.0
2009-04-11,3.8,14.2,10.0,5.0,2462.446,False,2009,4,5,101,True,5.0,7.5,10.5,0.0
2009-04-12,4.4,0.0,9.4,2.2,2141.012,False,2009,4,6,102,True,7.2,5.800000000000001,12.2,0.0
2009-04-13,2.9,0.0,13.9,1.1,1598.624,False,2009,4,0,103,False,12.8,7.5,10.5,0.0
2009-04-14,4.0,4.3,11.1,5.6,1501.538,False,2009,4,1,104,False,5.5,8.35,9.65,0.0
2009-04-15,4.2,5.1,13.9,5.6,1216.062,False,2009,4,2,105,False,8.3,9.75,8.25,0.0
2009-04-16,3.0,0.0,17.8,6.7,1564.524,False,2009,4,3,106,False,11.100000000000001,12.25,5.75,0.0
2009-04-17,1.6,0.0,21.7,5.6,2042.81,False,2009,4,4,107,False,16.1,13.649999999999999,4.350000000000001,0.0
2009-04-18,2.1,0.0,26.1,12.2,1512.266,False,2009,4,5,108,True,13.900000000000002,19.15,0.0,1.1499999999999986
2009-04-19,3.6,0.0,17.2,8.3,1286.468,False,2009,4,6,109,True,8.899999999999999,12.75,5.25,0.0
2009-04-20,5.3,45.5,10.0,5.6,1486.51,False,2009,4,0,110,False,4.4,7.8,10.2,0.0
2009-04-21,3.0,2.3,15.0,8.9,1894.598,False,2009,4,1,111,False,6.1,11.95,6.050000000000001,0.0
2009-04-22,2.4,1.0,13.3,8.3,1496.198,False,2009,4,2,112,False,5.0,10.8,7.199999999999999,0.0
2009-04-23,3.8,0.0,13.9,6.1,1141.46,False,2009,4,3,113,False,7.800000000000001,10.0,8.0,0.0
2009-04-24,1.8,0.0,22.2,8.3,1194.048,False,2009,4,4,114,False,13.899999999999999,15.25,2.75,0.0
2009-04-25,2.0,0.0,31.1,11.1,2022.284,False,2009,4,5,115,True,20.0,21.1,0.0,3.1000000000000014
2009-04-26,1.8,0.0,33.3,19.4,1781.626,False,2009,4,6,116,True,13.899999999999999,26.349999999999998,0.0,8.349999999999998
2009-04-27,2.7,0.0,28.9,14.4,1351.628,False,2009,4,0,117,False,14.499999999999998,21.65,0.0,3.6499999999999986
2009-04-28,4.0,0.0,32.2,20.6,1706.386,False,2009,4,1,118,False,11.600000000000001,26.400000000000002,0.0,8.400000000000002
2009-04-29,3.3,0.0,20.6,9.4,1664.68,False,2009,4,2,119,False,11.200000000000001,15.0,3.0,0.0
2009-04-30,1.9,0.0,16.1,8.9,1834.762,False,2009,4,3,120,False,7.200000000000001,12.5,5.5,0.0
2009-05-01,3.1,10.7,21.7,11.7,1512.802,False,2009,5,4,121,False,10.0,16.7,1.3000000000000007,0.0
2009-05-02,2.2,2.8,20.0,12.2,1393.91,False,2009,5,5,122,True,7.800000000000001,16.1,1.8999999999999986,0.0
2009-05-03,1.4,10.4,15.6,11.1,1608.878,False,2009,5,6,123,True,4.5,13.35,4.65,0.0
2009-05-04,2.0,8.9,13.9,10.6,1667.882,False,2009,5,0,124,False,3.3000000000000007,12.25,5.75,0.0
2009-05-05,4.1,7.9,12.2,10.6,1731.474,False,2009,5,1,125,False,1.5999999999999996,11.399999999999999,6.600000000000001,0.0
2009-05-06,2.2,29.2,18.3,9.4,1349.902,False,2009,5,2,126,False,8.9,13.850000000000001,4.149999999999999,0.0
2009-05-07,1.5,26.9,21.1,10.6,1012.648,False,2009,5,3,127,False,10.500000000000002,15.850000000000001,2.1499999999999986,0.0
2009-05-08,1.3,0.0,23.3,13.3,1857.156,False,2009,5,4,128,False,10.0,18.3,0.0,0.3000000000000007
2009-05-09,2.1,15.7,24.4,14.4,1261.352,False,2009,5,5,129,True,9.999999999999998,19.4,0.0,1.3999999999999986
2009-05-10,4.5,0.0,21.1,12.2,1966.552,False,2009,5,6,130,True,8.900000000000002,16.65,1.3500000000000014,0.0
2009-05-11,2.1,0.0,18.9,10.0,1517.176,False,2009,5,0,131,False,8.899999999999999,14.45,3.5500000000000007,0.0
2009-05-12,1.5,0.0,20.6,10.0,1625.956,False,2009,5,1,132,False,10.600000000000001,15.3,2.6999999999999993,0.0
2009-05-13,2.4,0.0,19.4,9.4,1246.398,False,2009,5,2,133,False,9.999999999999998,14.399999999999999,3.6000000000000014,0.0
2009-05-14,3.4,1.3,19.4,13.3,1606.984,False,2009,5,3,134,False,6.099999999999998,16.35,1.6499999999999986,0.0
2009-05-15,1.3,0.0,24.4,15.6,1422.226,False,2009,5,4,135,False,8.799999999999999,20.0,0.0,2.0
2009-05-16,2.2,4.1,21.7,14.4,2007.378,False,2009,5,5,136,True,7.299999999999999,18.05,0.0,0.05000000000000071
2009-05-17,2.9,1.0,18.9,11.1,1543.764,False,2009,5,6,137,True,7.799999999999999,15.0,3.0,0.0
2009-05-18,2.3,0.0,14.4,9.4,1209.906,False,2009,5,0,138,False,5.0,11.9,6.1,0.0
2009-05-19,1.9,0.0,20.6,6.1,1617.344,False,2009,5,1,139,False,14.500000000000002,13.350000000000001,4.649999999999999,0.0
2009-05-20,2.2,0.0,27.8,11.1,1307.162,False,2009,5,2,140,False,16.700000000000003,19.45,0.0,1.4499999999999993
2009-05-21,3.0,0.0,30.0,15.6,1575.15,False,2009,5,3,141,False,14.4,22.8,0.0,4.800000000000001
2009-05-22,2.8,0.0,28.9,16.7,1074.806,False,2009,5,4,142,False,12.2,22.799999999999997,0.0,4.799999999999997
2009-05-23,2.44,0.0,22.8,15.6,1530.598,False,2009,5,5,143,True,7.200000000000001,19.2,0.0,1.1999999999999993
2009-05-24,2.08,0.0,28.3,15.6,1287.786,False,2009,5,6,144,True,12.700000000000001,21.95,0.0,3.9499999999999993
2009-05-25,1.7199999999999998,0.0,27.2,17.2,1354.096,False,2009,5,0,145,False,10.0,22.2,0.0,4.199999999999999
2009-05-26,1.36,0.0,18.9,11.7,1337.674,False,2009,5,1,146,False,7.199999999999999,15.299999999999999,2.700000000000001,0.0
2009-05-27,1.0,0.0,18.3,11.7,1544.292,False,2009,5,2,147,False,6.600000000000001,15.0,3.0,0.0
2009-05-28,0.1,1.5,16.1,13.3,1179.736,False,2009,5,3,148,False,2.8000000000000007,14.700000000000001,3.299999999999999,0.0
2009-05-29,0.7,10.9,23.3,12.8,1242.846,False,2009,5,4,149,False,10.5,18.05,0.0,0.05000000000000071
2009-05-30,1.2333333333333334,0.0,25.0,15.6,1659.106,False,2009,5,5,150,True,9.4,20.3,0.0,2.3000000000000007
2009-05-31,1.7666666666666666,0.0,27.2,13.9,956.89,False,2009,5,6,151,True,13.299999999999999,20.55,0.0,2.5500000000000007
2009-06-01,2.3,0.0,21.7,10.0,1443.26,False,2009,6,0,152,False,11.7,15.85,2.1500000000000004,0.0
2009-06-02,1.8,1.5,26.7,16.1,1090.638,False,2009,6,1,153,False,10.599999999999998,21.4,0.0,3.3999999999999986
2009-06-03,1.6,12.7,22.2,12.2,1356.578,False,2009,6,2,154,False,10.0,17.2,0.8000000000000007,0.0
2009-06-04,1.1,13.7,20.0,12.8,1035.66,False,2009,6,3,155,False,7.199999999999999,16.4,1.6000000000000014,0.0
2009-06-05,3.2,23.9,15.6,12.8,1230.36,False,2009,6,4,156,False,2.799999999999999,14.2,3.8000000000000007,0.0
2009-06-06,1.6,0.0,24.4,13.9,1475.45,False,2009,6,5,157,True,10.499999999999998,19.15,0.0,1.1499999999999986
2009-06-07,1.9,0.0,27.8,17.2,1207.392,False,2009,6,6,158,True,10.600000000000001,22.5,0.0,4.5
2009-06-08,2.6,0.5,23.9,16.7,1178.776,False,2009,6,0,159,False,7.199999999999999,20.299999999999997,0.0,2.299999999999997
2009-06-09,2.3,46.5,21.7,15.6,1332.85,False,2009,6,1,160,False,6.1,18.65,0.0,0.6499999999999986
2009-06-10,2.7,0.0,19.4,15.0,1602.996,False,2009,6,2,161,False,4.399999999999999,17.2,0.8000000000000007,0.0
2009-06-11,2.9,4.1,17.8,15.0,1300.65,False,2009,6,3,162,False,2.8000000000000007,16.4,1.6000000000000014,0.0
2009-06-12,1.3,15.5,26.7,16.7,1101.732,False,2009,6,4,163,False,10.0,21.7,0.0,3.6999999999999993
2009-06-13,1.9,3.3,22.8,16.1,14.218,True,2009,6,5,164,True,6.699999999999999,19.450000000000003,0.0,1.4500000000000028
2009-06-15,1.4,12.7,22.2,13.9,771.908,False,2009,6,0,166,False,8.299999999999999,18.05,0.0,0.05000000000000071
2009-06-16,2.6,0.0,21.1,13.3,1508.792,False,2009,6,1,167,False,7.800000000000001,17.200000000000003,0.7999999999999972,0.0
2009-06-17,2.2,0.0,20.0,12.8,988.016,False,2009,6,2,168,False,7.199999999999999,16.4,1.6000000000000014,0.0
2009-06-18,2.8,58.4,17.8,15.6,1165.7,False,2009,6,3,169,False,2.200000000000001,16.7,1.3000000000000007,0.0
2009-06-19,1.4,0.0,25.0,17.2,1086.866,False,2009,6,4,170,False,7.800000000000001,21.1,0.0,3.1000000000000014
2009-06-20,1.6,7.1,21.7,17.2,1107.1,False,2009,6,5,171,True,4.5,19.45,0.0,1.4499999999999993
2009-06-21,2.8,11.4,25.6,17.2,855.142,False,2009,6,6,172,True,8.400000000000002,21.4,0.0,3.3999999999999986
2009-06-22,3.3,0.0,23.9,18.3,1094.098,False,2009,6,0,173,False,5.599999999999998,21.1,0.0,3.1000000000000014
2009-06-23,2.3,0.0,26.7,18.9,1039.214,False,2009,6,1,174,False,7.800000000000001,22.799999999999997,0.0,4.799999999999997
2009-06-24,1.2,7.6,24.4,18.3,1534.874,False,2009,6,2,175,False,6.099999999999998,21.35,0.0,3.3500000000000014
2009-06-25,1.3,0.0,26.7,17.8,771.362,False,2009,6,3,176,False,8.899999999999999,22.25,0.0,4.25
2009-06-26,1.575,18.5,28.3,17.8,1277.322,False,2009,6,4,177,False,10.5,23.05,0.0,5.050000000000001
2009-06-27,1.85,0.5,27.2,17.2,1709.052,False,2009,6,5,178,True,10.0,22.2,0.0,4.199999999999999
2009-06-28,2.125,0.0,27.8,17.8,1059.394,False,2009,6,6,179,True,10.0,22.8,0.0,4.800000000000001
2009-06-29,2.4,0.0,27.2,18.3,1010.134,False,2009,6,0,180,False,8.899999999999999,22.75,0.0,4.75
2009-06-30,1.6,16.8,28.9,18.3,1192.446,False,2009,6,1,181,False,10.599999999999998,23.6,0.0,5.600000000000001
2009-07-01,2.3,0.0,27.2,18.9,1218.342,False,2009,7,2,182,False,8.3,23.049999999999997,0.0,5.049999999999997
2009-07-02,1.9,15.2,24.4,18.9,1242.578,False,2009,7,3,183,False,5.5,21.65,0.0,3.6499999999999986
2009-07-03,2.2,0.0,25.6,18.3,864.148,False,2009,7,4,184,False,7.300000000000001,21.950000000000003,0.0,3.950000000000003
2009-07-04,3.2,0.0,26.1,18.9,1238.568,False,2009,7,5,185,True,7.200000000000003,22.5,0.0,4.5
2009-07-05,2.0,0.0,26.1,16.1,1410.736,False,2009,7,6,186,True,10.0,21.1,0.0,3.1000000000000014
2009-07-06,1.7,0.0,28.3,17.2,954.26,False,2009,7,0,187,False,11.100000000000001,22.75,0.0,4.75
2009-07-07,2.3,3.3,26.1,16.1,1110.136,False,2009,7,1,188,False,10.0,21.1,0.0,3.1000000000000014
2009-07-08,2.2,0.0,25.0,14.4,1234.4,False,2009,7,2,189,False,10.6,19.7,0.0,1.6999999999999993
2009-07-09,3.5,0.0,22.8,16.1,846.252,False,2009,7,3,190,False,6.699999999999999,19.450000000000003,0.0,1.4500000000000028
2009-07-10,2.0,0.0,25.6,15.6,1187.118,False,2009,7,4,191,False,10.000000000000002,20.6,0.0,2.6000000000000014
2009-07-11,2.5,8.4,25.6,17.2,993.968,False,2009,7,5,192,True,8.400000000000002,21.4,0.0,3.3999999999999986
2009-07-12,2.2,0.5,27.2,17.8,513.478,False,2009,7,6,193,True,9.399999999999999,22.5,0.0,4.5
2009-07-13,1.4,0.0,26.1,16.1,496.746,False,2009,7,0,194,False,10.0,21.1,0.0,3.1000000000000014
2009-07-14,2.2,0.0,26.1,16.1,911.43,False,2009,7,1,195,False,10.0,21.1,0.0,3.1000000000000014
2009-07-15,1.6,0.0,27.8,17.2,718.074,False,2009,7,2,196,False,10.600000000000001,22.5,0.0,4.5
2009-07-16,2.2,0.0,28.9,21.1,599.554,False,2009,7,3,197,False,7.799999999999997,25.0,0.0,7.0
2009-07-17,1.9,5.3,30.0,20.0,731.808,False,2009,7,4,198,False,10.0,25.0,0.0,7.0
2009-07-18,2.9,0.5,28.3,20.0,966.41,False,2009,7,5,199,True,8.3,24.15,0.0,6.149999999999999
2009-07-19,2.1,0.0,27.2,17.8,1203.644,False,2009,7,6,200,True,9.399999999999999,22.5,0.0,4.5
2009-07-20,2.0,0.0,27.2,19.4,662.486,False,2009,7,0,201,False,7.800000000000001,23.299999999999997,0.0,5.299999999999997
2009-07-21,2.8,29.0,21.7,17.8,813.7620000000001,False,2009,7,1,202,False,3.8999999999999986,19.75,0.0,1.75
2009-07-22,1.3,0.0,27.8,17.8,739.532,False,2009,7,2,203,False,10.0,22.8,0.0,4.800000000000001
2009-07-23,3.4,9.9,25.0,17.8,1030.0,False,2009,7,3,204,False,7.199999999999999,21.4,0.0,3.3999999999999986
2009-07-24,2.1,0.5,25.6,17.2,561.738,False,2009,7,4,205,False,8.400000000000002,21.4,0.0,3.3999999999999986
2009-07-25,2.2,0.0,28.3,18.9,536.688,False,2009,7,5,206,True,9.400000000000002,23.6,0.0,5.600000000000001
2009-07-26,2.1,36.1,28.9,19.4,543.016,False,2009,7,6,207,True,9.5,24.15,0.0,6.149999999999999
2009-07-27,1.7,15.2,28.3,20.0,688.566,False,2009,7,0,208,False,8.3,24.15,0.0,6.149999999999999
2009-07-28,1.3,0.0,29.4,21.7,902.85,False,2009,7,1,209,False,7.699999999999999,25.549999999999997,0.0,7.549999999999997
2009-07-29,2.2,38.6,28.3,21.1,902.0,False,2009,7,2,210,False,7.199999999999999,24.700000000000003,0.0,6.700000000000003
2009-07-30,2.4,0.0,29.4,22.2,792.326,False,2009,7,3,211,False,7.199999999999999,25.799999999999997,0.0,7.799999999999997
2009-07-31,2.1,18.0,29.4,19.4,975.83,False,2009,7,4,212,False,10.0,24.4,0.0,6.399999999999999
2009-08-01,1.9,0.0,28.3,18.3,706.966,False,2009,8,5,213,True,10.0,23.3,0.0,5.300000000000001
2009-08-02,2.4,26.7,23.3,19.4,489.724,False,2009,8,6,214,True,3.900000000000002,21.35,0.0,3.3500000000000014
2009-08-03,1.0,0.0,28.9,21.1,500.298,False,2009,8,0,215,False,7.799999999999997,25.0,0.0,7.0
2009-08-04,1.9,0.0,28.3,20.0,508.892,False,2009,8,1,216,False,8.3,24.15,0.0,6.149999999999999
2009-08-05,1.8,0.0,29.4,22.8,518.652,False,2009,8,2,217,False,6.599999999999998,26.1,0.0,8.100000000000001
2009-08-06,1.3,0.0,25.0,18.9,532.672,False,2009,8,3,218,False,6.100000000000001,21.95,0.0,3.9499999999999993
2009-08-07,2.2,0.0,26.1,17.8,539.296,False,2009,8,4,219,False,8.3,21.950000000000003,0.0,3.950000000000003
2009-08-08,2.1,0.0,25.6,17.2,526.472,False,2009,8,5,220,True,8.400000000000002,21.4,0.0,3.3999999999999986
2009-08-09,1.5,0.3,26.1,21.1,998.234,False,2009,8,6,221,True,5.0,23.6,0.0,5.600000000000001
2009-08-10,2.7,13.2,32.8,20.0,1069.358,False,2009,8,0,222,False,12.799999999999997,26.4,0.0,8.399999999999999
2009-08-11,2.1,0.0,30.6,24.4,950.954,False,2009,8,1,223,False,6.200000000000003,27.5,0.0,9.5
2009-08-12,2.9,0.0,26.1,21.7,824.436,False,2009,8,2,224,False,4.400000000000002,23.9,0.0,5.899999999999999
2009-08-13,2.6,0.5,22.2,20.0,606.842,False,2009,8,3,225,False,2.1999999999999993,21.1,0.0,3.1000000000000014
2009-08-14,1.2,0.0,30.0,19.4,748.676,False,2009,8,4,226,False,10.600000000000001,24.7,0.0,6.699999999999999
2009-08-15,1.4,0.0,31.1,21.1,1514.062,False,2009,8,5,227,True,10.0,26.1,0.0,8.100000000000001
2009-08-16,1.5,0.0,32.8,22.8,1217.712,False,2009,8,6,228,True,9.999999999999996,27.799999999999997,0.0,9.799999999999997
2009-08-17,1.7,0.0,33.3,23.9,785.908,False,2009,8,0,229,False,9.399999999999999,28.599999999999998,0.0,10.599999999999998
2009-08-18,2.2,16.3,32.2,20.0,1080.598,False,2009,8,1,230,False,12.200000000000003,26.1,0.0,8.100000000000001
2009-08-19,1.8,0.0,32.2,21.7,880.742,False,2009,8,2,231,False,10.500000000000004,26.950000000000003,0.0,8.950000000000003
2009-08-20,1.4,0.0,31.7,23.9,775.722,False,2009,8,3,232,False,7.800000000000001,27.799999999999997,0.0,9.799999999999997
2009-08-21,2.2,3.3,31.7,22.2,1161.746,False,2009,8,4,233,False,9.5,26.95,0.0,8.95
2009-08-22,1.3,18.8,27.2,21.1,1548.738,False,2009,8,5,234,True,6.099999999999998,24.15,0.0,6.149999999999999
2009-08-23,0.8,0.5,28.9,22.8,1066.708,False,2009,8,6,235,True,6.099999999999998,25.85,0.0,7.850000000000001
2009-08-24,1.4,0.0,27.8,20.6,1252.254,False,2009,8,0,236,False,7.199999999999999,24.200000000000003,0.0,6.200000000000003
2009-08-25,1.5,0.0,28.3,20.6,943.61,False,2009,8,1,237,False,7.699999999999999,24.450000000000003,0.0,6.450000000000003
2009-08-26,2.5,0.8,29.4,21.1,1136.546,False,2009,8,2,238,False,8.299999999999997,25.25,0.0,7.25
2009-08-27,1.6,0.0,25.6,19.4,749.466,False,2009,8,3,239,False,6.200000000000003,22.5,0.0,4.5
2009-08-28,2.6,13.0,22.2,17.8,1118.842,False,2009,8,4,240,False,4.399999999999999,20.0,0.0,2.0
2009-08-29,2.4,14.0,22.2,19.4,1388.414,False,2009,8,5,241,True,2.8000000000000007,20.799999999999997,0.0,2.799999999999997
2009-08-30,2.4,0.0,27.2,18.9,1668.342,False,2009,8,6,242,True,8.3,23.049999999999997,0.0,5.049999999999997
2009-08-31,2.2,0.0,22.2,16.7,1265.522,False,2009,8,0,243,False,5.5,19.45,0.0,1.4499999999999993
2009-09-01,1.7,0.0,23.3,13.9,980.536,False,2009,9,1,244,False,9.4,18.6,0.0,0.6000000000000014
2009-09-02,1.0,0.0,25.0,13.9,1222.814,False,2009,9,2,245,False,11.1,19.45,0.0,1.4499999999999993
2009-09-03,1.6,0.0,25.6,16.1,1251.188,False,2009,9,3,246,False,9.5,20.85,0.0,2.8500000000000014
2009-09-04,1.8,0.0,28.3,16.7,1024.388,False,2009,9,4,247,False,11.600000000000001,22.5,0.0,4.5
2009-09-05,1.6,0.0,28.9,20.6,1513.866,False,2009,9,5,248,True,8.299999999999997,24.75,0.0,6.75
2009-09-06,4.0,0.0,23.9,17.2,1228.63,False,2009,9,6,249,True,6.699999999999999,20.549999999999997,0.0,2.549999999999997
2009-09-07,1.8,0.0,23.3,15.6,1221.458,False,2009,9,0,250,False,7.700000000000001,19.45,0.0,1.4499999999999993
2009-09-08,0.8,0.0,23.3,16.7,1086.254,False,2009,9,1,251,False,6.600000000000001,20.0,0.0,2.0
2009-09-09,3.7,0.0,24.4,17.2,1521.344,False,2009,9,2,252,False,7.199999999999999,20.799999999999997,0.0,2.799999999999997
2009-09-10,5.6,0.0,20.0,15.6,1112.354,False,2009,9,3,253,False,4.4,17.8,0.1999999999999993,0.0
2009-09-11,6.1,21.3,18.9,13.3,1214.146,False,2009,9,4,254,False,5.599999999999998,16.1,1.8999999999999986,0.0
2009-09-12,2.3,0.8,19.4,17.2,2064.358,False,2009,9,5,255,True,2.1999999999999993,18.299999999999997,0.0,0.29999999999999716
2009-09-13,1.9,0.0,26.1,17.8,1570.302,False,2009,9,6,256,True,8.3,21.950000000000003,0.0,3.950000000000003
2009-09-14,2.2,0.0,24.4,16.1,1574.858,False,2009,9,0,257,False,8.299999999999997,20.25,0.0,2.25
2009-09-15,1.8,0.0,25.6,17.2,1456.806,False,2009,9,1,258,False,8.400000000000002,21.4,0.0,3.3999999999999986
2009-09-16,4.6,0.0,21.1,17.2,1743.162,False,2009,9,2,259,False,3.900000000000002,19.15,0.0,1.1499999999999986
2009-09-17,2.6,0.3,17.2,12.8,1223.426,False,2009,9,3,260,False,4.399999999999999,15.0,3.0,0.0
2009-09-18,2.6,0.0,23.3,13.3,1374.032,False,2009,9,4,261,False,10.0,18.3,0.0,0.3000000000000007
2009-09-19,1.7,0.0,21.1,11.7,2135.71,False,2009,9,5,262,True,9.400000000000002,16.4,1.6000000000000014,0.0
2009-09-20,1.6,0.0,22.8,12.2,2035.328,False,2009,9,6,263,True,10.600000000000001,17.5,0.5,0.0
2009-09-21,1.8,0.0,23.9,13.9,1417.868,False,2009,9,0,264,False,9.999999999999998,18.9,0.0,0.8999999999999986
2009-09-22,1.3,0.0,22.8,17.8,1246.536,False,2009,9,1,265,False,5.0,20.3,0.0,2.3000000000000007
2009-09-23,2.5,0.0,26.7,20.6,1636.61,False,2009,9,2,266,False,6.099999999999998,23.65,0.0,5.649999999999999
2009-09-24,2.1,0.8,27.8,18.9,1426.258,False,2009,9,3,267,False,8.900000000000002,23.35,0.0,5.350000000000001
2009-09-25,3.3,0.0,20.6,13.3,1161.016,False,2009,9,4,268,False,7.300000000000001,16.950000000000003,1.0499999999999972,0.0
2009-09-26,2.9,3.6,19.4,12.2,1556.254,False,2009,9,5,269,True,7.199999999999999,15.799999999999999,2.200000000000001,0.0
2009-09-27,2.1,26.2,20.0,15.0,1410.472,False,2009,9,6,270,True,5.0,17.5,0.5,0.0
2009-09-28,2.9,4.6,22.2,14.4,1299.456,False,2009,9,0,271,False,7.799999999999999,18.3,0.0,0.3000000000000007
2009-09-29,3.2,0.0,18.9,12.2,1146.398,False,2009,9,1,272,False,6.699999999999999,15.549999999999999,2.450000000000001,0.0
2009-09-30,3.5,0.0,15.6,9.4,1772.736,False,2009,9,2,273,False,6.199999999999999,12.5,5.5,0.0
2009-10-01,2.2,0.0,12.8,8.3,1287.252,False,2009,10,3,274,False,4.5,10.55,7.449999999999999,0.0
2009-10-02,2.1,1.5,17.8,8.3,1152.668,False,2009,10,4,275,False,9.5,13.05,4.949999999999999,0.0
2009-10-03,1.3,7.4,21.1,17.2,1716.74,False,2009,10,5,276,True,3.900000000000002,19.15,0.0,1.1499999999999986
2009-10-04,1.9,0.0,23.3,13.9,1621.106,False,2009,10,6,277,True,9.4,18.6,0.0,0.6000000000000014
2009-10-05,3.2,0.0,19.4,11.7,1275.522,False,2009,10,0,278,False,7.699999999999999,15.549999999999999,2.450000000000001,0.0
2009-10-06,2.0,0.0,18.9,10.0,1428.448,False,2009,10,1,279,False,8.899999999999999,14.45,3.5500000000000007,0.0
2009-10-07,4.9,4.1,20.6,13.9,1821.834,False,2009,10,2,280,False,6.700000000000001,17.25,0.75,0.0
2009-10-08,2.6,0.0,17.2,11.1,1577.166,False,2009,10,3,281,False,6.1,14.149999999999999,3.8500000000000014,0.0
2009-10-09,1.8,0.8,20.6,15.0,1351.862,False,2009,10,4,282,False,5.600000000000001,17.8,0.1999999999999993,0.0
2009-10-10,2.2,0.0,18.9,10.0,2012.756,False,2009,10,5,283,True,8.899999999999999,14.45,3.5500000000000007,0.0
2009-10-11,2.5,0.0,17.8,7.8,1938.284,False,2009,10,6,284,True,10.0,12.8,5.199999999999999,0.0
2009-10-12,1.2,0.0,11.7,6.1,1351.604,False,2009,10,0,285,False,5.6,8.899999999999999,9.100000000000001,0.0
2009-10-13,2.7,0.0,17.8,7.8,1449.1,False,2009,10,1,286,False,10.0,12.8,5.199999999999999,0.0
2009-10-14,1.3,0.0,11.7,5.0,1711.224,False,2009,10,2,287,False,6.699999999999999,8.35,9.65,0.0
2009-10-15,5.1,15.0,8.3,2.8,1489.976,False,2009,10,3,288,False,5.500000000000001,5.550000000000001,12.45,0.0
2009-10-16,4.1,1.3,7.8,2.8,1516.86,False,2009,10,4,289,False,5.0,5.3,12.7,0.0
2009-10-17,4.2,0.8,8.9,5.6,2742.08,False,2009,10,5,290,True,3.3000000000000007,7.25,10.75,0.0
2009-10-18,4.0,7.4,7.2,5.0,1556.164,False,2009,10,6,291,True,2.2,6.1,11.9,0.0
2009-10-19,1.7,0.0,12.8,2.8,1369.108,False,2009,10,0,292,False,10.0,7.800000000000001,10.2,0.0
2009-10-20,1.7,0.0,18.3,7.2,1722.808,False,2009,10,1,293,False,11.100000000000001,12.75,5.25,0.0
2009-10-21,0.5,0.0,20.0,11.1,1969.506,False,2009,10,2,294,False,8.9,15.55,2.4499999999999993,0.0
2009-10-22,2.8,0.0,23.3,12.2,1399.71,False,2009,10,3,295,False,11.100000000000001,17.75,0.25,0.0
2009-10-23,4.0,4.8,17.8,9.4,1757.45,False,2009,10,4,296,False,8.4,13.600000000000001,4.399999999999999,0.0
2009-10-24,3.0,46.0,18.3,11.7,2614.408,False,2009,10,5,297,True,6.600000000000001,15.0,3.0,0.0
2009-10-25,2.7,0.0,16.7,10.6,2406.536,False,2009,10,6,298,True,6.1,13.649999999999999,4.350000000000001,0.0
2009-10-26,2.0,0.0,15.6,7.8,1112.344,False,2009,10,0,299,False,7.8,11.7,6.300000000000001,0.0
2009-10-27,3.1,15.7,12.8,10.0,1116.756,False,2009,10,1,300,False,2.8000000000000007,11.4,6.6,0.0
2009-10-28,3.9,32.8,13.9,10.6,1268.708,False,2009,10,2,301,False,3.3000000000000007,12.25,5.75,0.0
2009-10-29,2.4,0.0,13.9,9.4,1981.44,False,2009,10,3,302,False,4.5,11.65,6.35,0.0
2009-10-30,2.5,0.0,15.0,11.1,1493.358,False,2009,10,4,303,False,3.9000000000000004,13.05,4.949999999999999,0.0
2009-10-31,3.1,4.3,21.7,12.8,1875.942,False,2009,10,5,304,True,8.899999999999999,17.25,0.75,0.0
2009-11-01,2.6,0.3,14.4,9.4,1843.168,False,2009,11,6,305,True,5.0,11.9,6.1,0.0
2009-11-02,3.7,0.0,12.8,7.8,1504.226,False,2009,11,0,306,False,5.000000000000001,10.3,7.699999999999999,0.0
2009-11-03,2.1,0.0,15.6,6.1,2266.688,False,2009,11,1,307,False,9.5,10.85,7.15,0.0
2009-11-04,2.2,0.0,11.1,5.0,1801.8,False,2009,11,2,308,False,6.1,8.05,9.95,0.0
2009-11-05,2.0,0.0,11.7,5.6,1560.466,False,2009,11,3,309,False,6.1,8.649999999999999,9.350000000000001,0.0
2009-11-06,3.2,0.0,10.0,2.8,1390.45,False,2009,11,4,310,False,7.2,6.4,11.6,0.0
2009-11-07,2.2,0.0,11.7,1.7,1557.176,False,2009,11,5,311,True,10.0,6.699999999999999,11.3,0.0
2009-11-08,1.1,0.0,20.6,8.3,2508.002,False,2009,11,6,312,True,12.3,14.450000000000001,3.549999999999999,0.0
2009-11-09,1.8,0.0,19.4,9.4,1404.752,False,2009,11,0,313,False,9.999999999999998,14.399999999999999,3.6000000000000014,0.0
2009-11-10,2.1,0.0,18.3,13.3,1606.184,False,2009,11,1,314,False,5.0,15.8,2.1999999999999993,0.0
2009-11-11,4.9,0.0,13.9,8.9,2040.48,False,2009,11,2,315,False,5.0,11.4,6.6,0.0
2009-11-12,6.4,1.8,10.0,7.2,1463.066,False,2009,11,3,316,False,2.8,8.6,9.4,0.0
2009-11-13,7.0,1.0,12.8,8.9,1532.926,False,2009,11,4,317,False,3.9000000000000004,10.850000000000001,7.149999999999999,0.0
2009-11-14,3.0,12.4,13.9,11.1,2560.456,False,2009,11,5,318,True,2.8000000000000007,12.5,5.5,0.0
2009-11-15,1.5,0.5,18.9,12.2,1967.308,False,2009,11,6,319,True,6.699999999999999,15.549999999999999,2.450000000000001,0.0
2009-11-16,2.3,0.0,15.0,9.4,1514.468,False,2009,11,0,320,False,5.6,12.2,5.800000000000001,0.0
2009-11-17,3.3,0.0,12.8,7.8,1708.294,False,2009,11,1,321,False,5.000000000000001,10.3,7.699999999999999,0.0
2009-11-18,3.3,0.0,11.7,5.6,2639.174,False,2009,11,2,322,False,6.1,8.649999999999999,9.350000000000001,0.0
2009-11-19,2.8,4.6,15.0,8.3,1474.848,False,2009,11,3,323,False,6.699999999999999,11.65,6.35,0.0
2009-11-20,3.1,12.7,16.1,8.9,1961.016,False,2009,11,4,324,False,7.200000000000001,12.5,5.5,0.0
2009-11-21,2.1,0.0,13.9,7.8,2496.856,False,2009,11,5,325,True,6.1000000000000005,10.85,7.15,0.0
2009-11-22,3.1,0.0,12.8,7.2,2450.976,False,2009,11,6,326,True,5.6000000000000005,10.0,8.0,0.0
2009-11-23,5.0,0.0,10.0,6.7,1471.122,False,2009,11,0,327,False,3.3,8.35,9.65,0.0
2009-11-24,3.3,0.0,14.4,8.9,2128.856,False,2009,11,1,328,False,5.5,11.65,6.35,0.0
2009-11-25,2.4,0.8,10.6,9.4,1980.13,False,2009,11,2,329,False,1.1999999999999993,10.0,8.0,0.0
2009-11-26,2.1,0.0,13.9,10.0,1599.626,False,2009,11,3,330,False,3.9000000000000004,11.95,6.050000000000001,0.0
2009-11-27,4.3,0.0,10.0,6.1,1380.026,False,2009,11,4,331,False,3.9000000000000004,8.05,9.95,0.0
2009-11-28,5.1,0.0,10.0,5.6,1858.95,False,2009,11,5,332,True,4.4,7.8,10.2,0.0
2009-11-29,2.3,0.0,15.0,3.9,1650.962,False,2009,11,6,333,True,11.1,9.45,8.55,0.0
2009-11-30,3.1,6.9,13.9,4.4,1745.19,False,2009,11,0,334,False,9.5,9.15,8.85,0.0
2009-12-01,3.2,0.0,8.3,1.7,1756.378,False,2009,12,1,335,False,6.6000000000000005,5.0,13.0,0.0
2009-12-02,2.2,11.4,13.3,5.0,2345.668,False,2009,12,2,336,False,8.3,9.15,8.85,0.0
2009-12-03,4.4,18.5,18.9,9.4,1479.688,False,2009,12,3,337,False,9.499999999999998,14.149999999999999,3.8500000000000014,0.0
2009-12-04,2.4,0.0,11.1,6.7,1711.294,False,2009,12,4,338,False,4.3999999999999995,8.9,9.1,0.0
2009-12-05,3.3,16.3,7.2,0.6,2351.762,False,2009,12,5,339,True,6.6000000000000005,3.9,14.1,0.0
2009-12-06,3.2,0.0,3.3,0.6,2378.288,False,2009,12,6,340,True,2.6999999999999997,1.95,16.05,0.0
2009-12-07,2.0,0.0,3.9,0.0,1742.638,False,2009,12,0,341,False,3.9,1.95,16.05,0.0
2009-12-08,3.3,0.0,6.7,1.1,2006.884,False,2009,12,1,342,False,5.6,3.9000000000000004,14.1,0.0
2009-12-09,3.7,37.6,11.7,0.6,1802.356,False,2009,12,2,343,False,11.1,6.1499999999999995,11.850000000000001,0.0
2009-12-10,5.5,0.0,7.8,-2.8,2054.286,False,2009,12,3,344,False,10.6,2.5,15.5,0.0
2009-12-11,5.7,0.0,-1.7,-6.1,1784.462,False,2009,12,4,345,False,4.3999999999999995,-3.9,21.9,0.0
2009-12-12,3.4,0.0,2.8,-3.9,1816.38,False,2009,12,5,346,True,6.699999999999999,-0.55,18.55,0.0
2009-12-13,2.7,24.1,11.1,1.1,2138.814,False,2009,12,6,347,True,10.0,6.1,11.9,0.0
2009-12-14,2.4,0.0,7.8,4.4,1794.862,False,2009,12,0,348,False,3.3999999999999995,6.1,11.9,0.0
2009-12-15,3.1,0.0,11.1,5.6,1940.116,False,2009,12,1,349,False,5.5,8.35,9.65,0.0
2009-12-16,4.9,0.0,5.6,-2.2,1394.874,False,2009,12,2,350,False,7.8,1.6999999999999997,16.3,0.0
2009-12-17,5.1,0.0,-0.6,-6.7,1717.182,False,2009,12,3,351,False,6.1000000000000005,-3.65,21.65,0.0
2009-12-18,2.4,0.0,-1.1,-8.9,1744.706,False,2009,12,4,352,False,7.800000000000001,-5.0,23.0,0.0
2009-12-19,4.8,15.5,-1.1,-6.1,2204.334,False,2009,12,5,353,True,5.0,-3.5999999999999996,21.6,0.0
2009-12-20,4.4,3.3,1.1,-6.1,1144.166,False,2009,12,6,354,True,7.199999999999999,-2.5,20.5,0.0
2009-12-21,4.8,0.0,2.2,-2.2,2034.966,False,2009,12,0,355,False,4.4,0.0,18.0,0.0
2009-12-22,4.1,0.0,2.2,-5.0,1888.022,False,2009,12,1,356,False,7.2,-1.4,19.4,0.0
2009-12-23,4.3,0.0,-1.1,-6.7,1455.2,False,2009,12,2,357,False,5.6,-3.9000000000000004,21.9,0.0
2009-12-24,2.5,0.0,3.9,-4.4,2905.894,False,2009,12,3,358,False,8.3,-0.2500000000000002,18.25,0.0
2009-12-25,4.2,6.1,3.3,0.6,2127.648,False,2009,12,4,359,False,2.6999999999999997,1.95,16.05,0.0
2009-12-26,5.5,37.6,12.2,2.8,2183.618,False,2009,12,5,360,True,9.399999999999999,7.5,10.5,0.0
2009-12-27,3.4,8.4,12.8,4.4,2195.452,False,2009,12,6,361,True,8.4,8.600000000000001,9.399999999999999,0.0
2009-12-28,4.0,0.0,6.1,-1.1,2094.098,False,2009,12,0,362,False,7.199999999999999,2.5,15.5,0.0
2009-12-29,6.4,0.0,-0.6,-8.9,2047.968,False,2009,12,1,363,False,8.3,-4.75,22.75,0.0
2009-12-30,2.6,0.0,0.0,-7.2,2451.11,False,2009,12,2,364,False,7.2,-3.6,21.6,0.0
2009-12-31,1.6,5.8,1.7,-1.7,2211.892,False,2009,12,3,365,False,3.4,0.0,18.0,0.0
2010-01-01,1.5,0.8,4.4,0.6,1224.252,False,2010,1,4,1,False,3.8000000000000003,2.5,15.5,0.0
2010-01-02,5.6,0.5,1.1,-8.3,1308.836,False,2010,1,5,2,True,9.4,-3.6000000000000005,21.6,0.0
2010-01-03,6.4,0.0,-5.6,-8.3,2083.454,False,2010,1,6,3,True,2.700000000000001,-6.95,24.95,0.0
2010-01-04,4.8,0.0,-1.1,-7.2,1604.132,False,2010,1,0,4,False,6.1,-4.15,22.15,0.0
2010-01-05,4.4,0.0,-1.1,-6.7,2219.78,False,2010,1,1,5,False,5.6,-3.9000000000000004,21.9,0.0
2010-01-06,4.3,0.0,1.1,-3.3,1777.18,False,2010,1,2,6,False,4.4,-1.0999999999999999,19.1,0.0
2010-01-07,3.9,0.0,2.8,-1.1,1769.442,False,2010,1,3,7,False,3.9,0.8499999999999999,17.15,0.0
2010-01-08,3.4,1.3,0.6,-5.0,1797.208,False,2010,1,4,8,False,5.6,-2.2,20.2,0.0
2010-01-09,3.9,0.0,-1.1,-7.8,2336.9,False,2010,1,5,9,True,6.699999999999999,-4.45,22.45,0.0
2010-01-10,3.1,0.0,-2.2,-10.0,2508.466,False,2010,1,6,10,True,7.8,-6.1,24.1,0.0
2010-01-11,3.2,0.0,-0.6,-6.1,1518.684,False,2010,1,0,11,False,5.5,-3.3499999999999996,21.35,0.0
2010-01-12,4.2,0.0,1.7,-4.4,1282.538,False,2010,1,1,12,False,6.1000000000000005,-1.35,19.35,0.0
2010-01-14,1.5,0.0,5.6,-1.1,618.488,False,2010,1,3,14,False,6.699999999999999,2.25,15.75,0.0
2010-01-15,3.5,0.0,10.0,1.7,2196.76,False,2010,1,4,15,False,8.3,5.85,12.15,0.0
2010-01-16,2.9,0.0,9.4,3.3,2150.112,False,2010,1,5,16,True,6.1000000000000005,6.35,11.65,0.0
2010-01-17,1.7,14.5,7.8,1.7,1906.556,False,2010,1,6,17,True,6.1,4.75,13.25,0.0
2010-01-18,2.0666666666666664,1.3,10.0,2.8,1881.098,False,2010,1,0,18,False,7.2,6.4,11.6,0.0
2010-01-19,2.433333333333333,0.0,8.9,4.4,2433.508,False,2010,1,1,19,False,4.5,6.65,11.35,0.0
2010-01-20,2.8,0.0,5.0,1.1,2351.728,False,2010,1,2,20,False,3.9,3.05,14.95,0.0
2010-01-21,1.4,0.0,5.0,-0.6,2137.856,False,2010,1,3,21,False,5.6,2.2,15.8,0.0
2010-01-22,2.9,0.0,6.7,0.0,1790.626,False,2010,1,4,22,False,6.7,3.35,14.65,0.0
2010-01-23,1.4,0.0,4.4,-2.2,2608.51,False,2010,1,5,23,True,6.6000000000000005,1.1,16.9,0.0
2010-01-24,1.1,0.5,10.0,0.0,2269.42,False,2010,1,6,24,True,10.0,5.0,13.0,0.0
2010-01-25,2.5,31.8,13.9,9.4,1930.51,False,2010,1,0,25,False,4.5,11.65,6.35,0.0
2010-01-26,3.9,0.0,9.4,1.7,2067.564,False,2010,1,1,26,False,7.7,5.55,12.45,0.0
2010-01-27,3.1,0.0,3.9,-0.6,2760.902,False,2010,1,2,27,False,4.5,1.65,16.35,0.0
2010-01-28,3.8,2.3,5.6,-6.7,2110.234,False,2010,1,3,28,False,12.3,-0.5500000000000003,18.55,0.0
2010-01-29,5.2,0.0,-5.0,-8.9,2092.99,False,2010,1,4,29,False,3.9000000000000004,-6.95,24.95,0.0
2010-01-30,4.0,0.0,-6.7,-10.6,2842.728,False,2010,1,5,30,True,3.8999999999999995,-8.65,26.65,0.0
2010-01-31,2.8,0.0,-1.1,-10.0,1799.196,False,2010,1,6,31,True,8.9,-5.55,23.55,0.0
2010-02-01,3.6,0.0,1.7,-3.9,1693.778,False,2010,2,0,32,False,5.6,-1.1,19.1,0.0
2010-02-02,1.9,0.8,0.6,-2.8,2157.432,False,2010,2,1,33,False,3.4,-1.0999999999999999,19.1,0.0
2010-02-03,2.3,1.5,3.9,-1.7,2903.014,False,2010,2,2,34,False,5.6,1.1,16.9,0.0
2010-02-04,4.0,0.0,2.8,-2.2,2316.27,False,2010,2,3,35,False,5.0,0.2999999999999998,17.7,0.0
2010-02-05,2.1,0.0,2.2,-1.7,2098.892,False,2010,2,4,36,False,3.9000000000000004,0.2500000000000001,17.75,0.0
2010-02-06,6.1,0.0,0.6,-6.7,2712.986,False,2010,2,5,37,True,7.3,-3.0500000000000003,21.05,0.0
2010-02-07,4.5,0.0,1.1,-8.3,1625.708,False,2010,2,6,38,True,9.4,-3.6000000000000005,21.6,0.0
2010-02-08,4.4,0.0,2.8,-5.0,2582.238,False,2010,2,0,39,False,7.8,-1.1,19.1,0.0
2010-02-09,2.3,0.0,5.6,-2.2,2420.932,False,2010,2,1,40,False,7.8,1.6999999999999997,16.3,0.0
2010-02-10,5.5,33.8,1.1,-1.1,1944.542,False,2010,2,2,41,False,2.2,0.0,18.0,0.0
2010-02-11,5.3,0.0,2.8,-2.2,1369.768,False,2010,2,3,42,False,5.0,0.2999999999999998,17.7,0.0
2010-02-12,3.7,0.0,2.8,-3.3,1892.998,False,2010,2,4,43,False,6.1,-0.25,18.25,0.0
2010-02-13,3.9,0.0,0.0,-4.4,2351.556,False,2010,2,5,44,True,4.4,-2.2,20.2,0.0
2010-02-14,4.1,0.0,3.9,-2.2,1686.698,False,2010,2,6,45,True,6.1,0.8499999999999999,17.15,0.0
2010-02-15,3.1,0.3,4.4,-2.8,2097.132,False,2010,2,0,46,False,7.2,0.8000000000000003,17.2,0.0
2010-02-16,2.5,10.9,0.6,-1.7,1797.756,False,2010,2,1,47,False,2.3,-0.55,18.55,0.0
2010-02-17,3.6,0.0,1.7,-3.3,2054.56,False,2010,2,2,48,False,5.0,-0.7999999999999999,18.8,0.0
2010-02-18,4.5,0.0,4.4,0.0,1761.156,False,2010,2,3,49,False,4.4,2.2,15.8,0.0
2010-02-19,5.1,0.0,6.1,1.7,1953.572,False,2010,2,4,50,False,4.3999999999999995,3.9,14.1,0.0
2010-02-20,3.6,0.0,6.7,1.7,1983.728,False,2010,2,5,51,True,5.0,4.2,13.8,0.0
2010-02-21,4.3,0.0,7.8,0.6,2740.314,False,2010,2,6,52,True,7.2,4.2,13.8,0.0
2010-02-22,2.7,0.8,7.2,-1.7,1474.036,False,2010,2,0,53,False,8.9,2.75,15.25,0.0
2010-02-23,6.3,30.5,3.3,1.7,1461.28,False,2010,2,1,54,False,1.5999999999999999,2.5,15.5,0.0
2010-02-24,3.5,10.7,5.6,2.2,1914.278,False,2010,2,2,55,False,3.3999999999999995,3.9,14.1,0.0
2010-02-25,1.5,50.8,3.3,-2.8,1880.204,False,2010,2,3,56,False,6.1,0.25,17.75,0.0
2010-02-26,3.1,29.7,0.6,-3.3,2120.156,False,2010,2,4,57,False,3.9,-1.3499999999999999,19.35,0.0
2010-02-27,2.0,0.3,3.3,-1.7,1765.056,False,2010,2,5,58,True,5.0,0.7999999999999999,17.2,0.0
2010-02-28,1.7,0.0,4.4,0.6,711.666,False,2010,2,6,59,True,3.8000000000000003,2.5,15.5,0.0
2010-03-01,4.4,0.0,8.9,2.2,1298.728,False,2010,3,0,60,False,6.7,5.550000000000001,12.45,0.0
2010-03-02,2.4,0.3,8.3,2.2,766.9060000000001,False,2010,3,1,61,False,6.1000000000000005,5.25,12.75,0.0
2010-03-03,4.7,1.8,5.0,1.1,935.834,False,2010,3,2,62,False,3.9,3.05,14.95,0.0
2010-03-04,3.5,0.0,8.3,1.7,682.88,False,2010,3,3,63,False,6.6000000000000005,5.0,13.0,0.0
2010-03-05,3.4,0.0,9.4,1.1,1133.726,False,2010,3,4,64,False,8.3,5.25,12.75,0.0
2010-03-06,3.2,0.0,12.2,0.0,794.712,False,2010,3,5,65,True,12.2,6.1,11.9,0.0
2010-03-07,3.2,0.0,13.9,2.8,1372.472,False,2010,3,6,66,True,11.100000000000001,8.35,9.65,0.0
2010-03-08,3.2,0.0,16.1,5.0,2557.098,False,2010,3,0,67,False,11.100000000000001,10.55,7.449999999999999,0.0
2010-03-09,2.0,0.0,16.1,6.7,1760.112,False,2010,3,1,68,False,9.400000000000002,11.4,6.6,0.0
2010-03-10,2.2,0.0,13.9,6.7,1822.632,False,2010,3,2,69,False,7.2,10.3,7.699999999999999,0.0
2010-03-11,4.0,0.0,11.7,5.6,1951.09,False,2010,3,3,70,False,6.1,8.649999999999999,9.350000000000001,0.0
2010-03-12,6.2,5.3,6.1,3.9,1645.424,False,2010,3,4,71,False,2.1999999999999997,5.0,13.0,0.0
2010-03-13,10.2,98.0,7.8,3.3,2383.01,False,2010,3,5,72,True,4.5,5.55,12.45,0.0
2010-03-14,6.1,6.1,10.0,6.1,1566.714,False,2010,3,6,73,True,3.9000000000000004,8.05,9.95,0.0
2010-03-15,5.2,8.4,7.8,5.0,1791.85,False,2010,3,0,74,False,2.8,6.4,11.6,0.0
2010-03-16,3.4,0.0,17.2,5.0,1542.65,False,2010,3,1,75,False,12.2,11.1,6.9,0.0
2010-03-17,1.1,0.0,18.9,6.1,2009.13,False,2010,3,2,76,False,12.799999999999999,12.5,5.5,0.0
2010-03-18,1.5,0.0,20.6,10.0,1562.682,False,2010,3,3,77,False,10.600000000000001,15.3,2.6999999999999993,0.0
2010-03-19,1.5,0.0,22.2,9.4,1663.384,False,2010,3,4,78,False,12.799999999999999,15.8,2.1999999999999993,0.0
2010-03-20,2.2,0.0,23.3,12.2,131.732,False,2010,3,5,79,True,11.100000000000001,17.75,0.25,0.0
2010-03-21,2.9,0.0,17.8,10.6,917.282,False,2010,3,6,80,True,7.200000000000001,14.2,3.8000000000000007,0.0
2010-03-22,2.5,34.0,13.9,10.0,1618.59,False,2010,3,0,81,False,3.9000000000000004,11.95,6.050000000000001,0.0
2010-03-23,2.7,2.8,11.7,7.2,1822.162,False,2010,3,1,82,False,4.499999999999999,9.45,8.55,0.0
2010-03-24,5.2,0.0,15.6,6.1,1994.752,False,2010,3,2,83,False,9.5,10.85,7.15,0.0
2010-03-25,1.9,0.0,16.7,8.9,1679.884,False,2010,3,3,84,False,7.799999999999999,12.8,5.199999999999999,0.0
2010-03-26,4.7,3.6,11.1,1.1,1651.284,False,2010,3,4,85,False,10.0,6.1,11.9,0.0
2010-03-27,3.4,0.0,6.7,-1.7,1847.97,False,2010,3,5,86,True,8.4,2.5,15.5,0.0
2010-03-28,3.6,8.6,9.4,2.2,1798.214,False,2010,3,6,87,True,7.2,5.800000000000001,12.2,0.0
2010-03-29,2.9,40.1,11.7,8.9,1622.738,False,2010,3,0,88,False,2.799999999999999,10.3,7.699999999999999,0.0
2010-03-30,4.8,62.2,10.0,5.0,1906.454,False,2010,3,1,89,False,5.0,7.5,10.5,0.0
2010-03-31,2.6,0.3,13.9,7.2,1923.802,False,2010,3,2,90,False,6.7,10.55,7.449999999999999,0.0
2010-04-01,2.1,0.0,21.1,8.9,1687.44,False,2010,4,3,91,False,12.200000000000001,15.0,3.0,0.0
2010-04-02,2.0,0.0,20.0,8.9,1648.622,False,2010,4,4,92,False,11.1,14.45,3.5500000000000007,0.0
2010-04-03,2.2,0.0,19.4,8.3,1805.278,False,2010,4,5,93,True,11.099999999999998,13.85,4.15,0.0
2010-04-04,1.2,0.0,24.4,8.3,1690.388,False,2010,4,6,94,True,16.099999999999998,16.35,1.6499999999999986,0.0
2010-04-05,2.9,0.0,23.9,13.3,1118.82,False,2010,4,0,95,False,10.599999999999998,18.6,0.0,0.6000000000000014
2010-04-06,1.8,0.0,25.6,14.4,1825.852,False,2010,4,1,96,False,11.200000000000001,20.0,0.0,2.0
2010-04-07,3.1,0.0,33.3,13.3,1596.982,False,2010,4,2,97,False,19.999999999999996,23.299999999999997,0.0,5.299999999999997
2010-04-08,2.8,0.0,26.7,17.8,1649.22,False,2010,4,3,98,False,8.899999999999999,22.25,0.0,4.25
2010-04-09,3.4,7.6,20.0,6.7,1233.35,False,2010,4,4,99,False,13.3,13.35,4.65,0.0
2010-04-10,4.4,0.0,16.7,5.6,1190.208,False,2010,4,5,100,True,11.1,11.149999999999999,6.850000000000001,0.0
2010-04-11,3.0,0.0,24.4,11.1,1602.81,False,2010,4,6,101,True,13.299999999999999,17.75,0.25,0.0
2010-04-12,2.4,0.0,19.4,11.1,1439.426,False,2010,4,0,102,False,8.299999999999999,15.25,2.75,0.0
2010-04-13,2.2,0.0,13.3,8.3,1512.704,False,2010,4,1,103,False,5.0,10.8,7.199999999999999,0.0
2010-04-14,2.3,0.0,19.4,7.2,1660.364,False,2010,4,2,104,False,12.2,13.299999999999999,4.700000000000001,0.0
2010-04-15,3.0,0.0,22.8,10.0,1872.178,False,2010,4,3,105,False,12.8,16.4,1.6000000000000014,0.0
2010-04-16,3.3,7.9,13.9,7.8,1562.062,False,2010,4,4,106,False,6.1000000000000005,10.85,7.15,0.0
2010-04-17,3.0,0.3,12.2,7.8,1557.712,False,2010,4,5,107,True,4.3999999999999995,10.0,8.0,0.0
2010-04-18,3.2,0.0,13.9,5.6,1476.106,False,2010,4,6,108,True,8.3,9.75,8.25,0.0
2010-04-19,3.1,0.0,17.2,7.8,1708.594,False,2010,4,0,109,False,9.399999999999999,12.5,5.5,0.0
2010-04-20,2.2,0.0,21.1,8.3,1833.628,False,2010,4,1,110,False,12.8,14.700000000000001,3.299999999999999,0.0
2010-04-21,3.0,0.8,20.6,11.7,1579.914,False,2010,4,2,111,False,8.900000000000002,16.15,1.8500000000000014,0.0
2010-04-22,2.6,0.0,22.2,10.6,1460.904,False,2010,4,3,112,False,11.6,16.4,1.6000000000000014,0.0
2010-04-23,2.9,0.0,20.0,6.7,1180.536,False,2010,4,4,113,False,13.3,13.35,4.65,0.0
2010-04-24,2.5,0.0,20.0,7.8,1518.418,False,2010,4,5,114,True,12.2,13.9,4.1,0.0
2010-04-25,3.1,40.6,11.1,7.8,1542.742,False,2010,4,6,115,True,3.3,9.45,8.55,0.0
2010-04-26,3.6,17.5,11.7,8.9,1082.716,False,2010,4,0,116,False,2.799999999999999,10.3,7.699999999999999,0.0
2010-04-27,3.3,1.3,14.4,5.0,1250.94,False,2010,4,1,117,False,9.4,9.7,8.3,0.0
2010-04-28,4.3,0.0,13.3,4.4,867.858,False,2010,4,2,118,False,8.9,8.850000000000001,9.149999999999999,0.0
2010-04-29,4.0,0.0,20.6,7.2,1103.724,False,2010,4,3,119,False,13.400000000000002,13.9,4.1,0.0
2010-04-30,2.3,0.0,25.6,13.3,1118.628,False,2010,4,4,120,False,12.3,19.450000000000003,0.0,1.4500000000000028
2010-05-01,1.8,0.0,29.4,17.8,1320.158,False,2010,5,5,121,True,11.599999999999998,23.6,0.0,5.600000000000001
2010-05-02,2.3,0.0,31.1,18.9,2187.91,False,2010,5,6,122,True,12.200000000000003,25.0,0.0,7.0
2010-05-03,2.2,32.8,26.7,19.4,1411.302,False,2010,5,0,123,False,7.300000000000001,23.049999999999997,0.0,5.049999999999997
2010-05-04,2.3,0.0,27.2,16.7,1516.96,False,2010,5,1,124,False,10.5,21.95,0.0,3.9499999999999993
2010-05-05,2.3,0.0,26.7,14.4,1805.308,False,2010,5,2,125,False,12.299999999999999,20.55,0.0,2.5500000000000007
2010-05-06,3.3,0.0,25.6,15.0,1299.25,False,2010,5,3,126,False,10.600000000000001,20.3,0.0,2.3000000000000007
2010-05-07,2.2,0.0,22.8,11.1,1644.004,False,2010,5,4,127,False,11.700000000000001,16.95,1.0500000000000007,0.0
2010-05-08,4.5,1.0,24.4,9.4,1533.422,False,2010,5,5,128,True,14.999999999999998,16.9,1.1000000000000014,0.0
2010-05-09,5.1,0.0,11.1,6.7,1566.51,False,2010,5,6,129,True,4.3999999999999995,8.9,9.1,0.0
2010-05-10,3.6,0.0,16.1,5.0,1467.892,False,2010,5,0,130,False,11.100000000000001,10.55,7.449999999999999,0.0
2010-05-11,1.5,0.8,13.3,6.1,1571.368,False,2010,5,1,131,False,7.200000000000001,9.7,8.3,0.0
2010-05-12,3.1,10.9,8.9,6.7,2035.418,False,2010,5,2,132,False,2.2,7.800000000000001,10.2,0.0
2010-05-13,2.2,0.0,19.4,6.1,1552.496,False,2010,5,3,133,False,13.299999999999999,12.75,5.25,0.0
2010-05-14,2.9,1.0,26.7,12.8,1722.146,False,2010,5,4,134,False,13.899999999999999,19.75,0.0,1.75
2010-05-15,3.3,0.0,22.8,15.6,1944.772,False,2010,5,5,135,True,7.200000000000001,19.2,0.0,1.1999999999999993
2010-05-16,1.9,0.0,22.2,12.2,2100.426,False,2010,5,6,136,True,10.0,17.2,0.8000000000000007,0.0
2010-05-17,1.3,0.0,23.3,12.8,1628.182,False,2010,5,0,137,False,10.5,18.05,0.0,0.05000000000000071
2010-05-18,4.0,27.7,16.7,10.0,1421.184,False,2010,5,1,138,False,6.699999999999999,13.35,4.65,0.0
2010-05-19,1.7,0.0,17.8,10.0,1426.752,False,2010,5,2,139,False,7.800000000000001,13.9,4.1,0.0
2010-05-20,1.3,0.0,26.1,12.8,1153.898,False,2010,5,3,140,False,13.3,19.450000000000003,0.0,1.4500000000000028
2010-05-21,2.2,0.0,29.4,16.1,1294.396,False,2010,5,4,141,False,13.299999999999997,22.75,0.0,4.75
2010-05-22,2.8,0.0,23.3,13.9,2095.772,False,2010,5,5,142,True,9.4,18.6,0.0,0.6000000000000014
2010-05-23,3.6,0.0,21.7,14.4,1487.556,False,2010,5,6,143,True,7.299999999999999,18.05,0.0,0.05000000000000071
2010-05-24,2.3,0.8,22.8,15.6,1341.332,False,2010,5,0,144,False,7.200000000000001,19.2,0.0,1.1999999999999993
2010-05-25,1.5,0.0,27.8,16.1,1198.626,False,2010,5,1,145,False,11.7,21.950000000000003,0.0,3.950000000000003
2010-05-26,2.0,0.0,33.3,18.3,1387.884,False,2010,5,2,146,False,14.999999999999996,25.799999999999997,0.0,7.799999999999997
2010-05-27,2.6,1.5,28.3,12.8,1323.342,False,2010,5,3,147,False,15.5,20.55,0.0,2.5500000000000007
2010-05-28,1.3,0.0,21.1,13.3,1398.164,False,2010,5,4,148,False,7.800000000000001,17.200000000000003,0.7999999999999972,0.0
2010-05-29,2.5,0.0,25.0,16.1,2049.808,False,2010,5,5,149,True,8.899999999999999,20.55,0.0,2.5500000000000007
2010-05-30,2.6,0.0,28.9,19.4,1665.7,False,2010,5,6,150,True,9.5,24.15,0.0,6.149999999999999
2010-05-31,1.7,0.0,30.0,20.6,1340.462,False,2010,5,0,151,False,9.399999999999999,25.3,0.0,7.300000000000001
2010-06-01,2.0,0.0,29.4,18.9,1268.964,False,2010,6,1,152,False,10.5,24.15,0.0,6.149999999999999
2010-06-02,1.5,0.0,30.6,19.4,980.898,False,2010,6,2,153,False,11.200000000000003,25.0,0.0,7.0
2010-06-03,2.1,0.0,30.6,19.4,1394.186,False,2010,6,3,154,False,11.200000000000003,25.0,0.0,7.0
2010-06-04,1.7,0.0,31.1,22.2,1420.554,False,2010,6,4,155,False,8.900000000000002,26.65,0.0,8.649999999999999
2010-06-05,3.3,0.0,31.1,24.4,2009.644,False,2010,6,5,156,True,6.700000000000003,27.75,0.0,9.75
2010-06-06,3.8,0.5,31.7,16.1,1746.792,False,2010,6,6,157,True,15.599999999999998,23.9,0.0,5.899999999999999
2010-06-07,3.1,0.0,23.9,13.9,1012.082,False,2010,6,0,158,False,9.999999999999998,18.9,0.0,0.8999999999999986
2010-06-08,2.3,0.0,23.9,14.4,1362.034,False,2010,6,1,159,False,9.499999999999998,19.15,0.0,1.1499999999999986
2010-06-09,1.9,22.6,20.0,13.9,1534.682,False,2010,6,2,160,False,6.1,16.95,1.0500000000000007,0.0
2010-06-10,1.6,6.4,23.3,14.4,1215.19,False,2010,6,3,161,False,8.9,18.85,0.0,0.8500000000000014
2010-06-11,1.9,0.0,21.7,14.4,1470.672,False,2010,6,4,162,False,7.299999999999999,18.05,0.0,0.05000000000000071
2010-06-12,2.1,0.0,26.1,16.1,1973.108,False,2010,6,5,163,True,10.0,21.1,0.0,3.1000000000000014
2010-06-13,2.8,7.6,25.6,18.3,1674.356,False,2010,6,6,164,True,7.300000000000001,21.950000000000003,0.0,3.950000000000003
2010-06-14,1.1,0.3,26.1,17.8,1217.984,False,2010,6,0,165,False,8.3,21.950000000000003,0.0,3.950000000000003
2010-06-15,2.4,0.0,27.2,17.8,1223.966,False,2010,6,1,166,False,9.399999999999999,22.5,0.0,4.5
2010-06-16,2.2,0.0,23.9,17.8,1768.092,False,2010,6,2,167,False,6.099999999999998,20.85,0.0,2.8500000000000014
2010-06-17,3.2,11.4,23.3,18.3,1028.018,False,2010,6,3,168,False,5.0,20.8,0.0,2.8000000000000007
2010-06-18,1.5,0.0,30.0,15.6,1332.316,False,2010,6,4,169,False,14.4,22.8,0.0,4.800000000000001
2010-06-19,2.2,0.0,27.2,17.8,1416.22,False,2010,6,5,170,True,9.399999999999999,22.5,0.0,4.5
2010-06-20,1.7,0.0,31.7,21.7,1672.55,False,2010,6,6,171,True,10.0,26.7,0.0,8.7
2010-06-21,1.7,0.0,30.6,21.7,1660.89,False,2010,6,0,172,False,8.900000000000002,26.15,0.0,8.149999999999999
2010-06-22,1.7,6.9,30.6,21.7,1520.588,False,2010,6,1,173,False,8.900000000000002,26.15,0.0,8.149999999999999
2010-06-23,2.7,0.0,31.7,21.7,1442.064,False,2010,6,2,174,False,10.0,26.7,0.0,8.7
2010-06-24,2.9,0.0,33.3,24.4,1095.78,False,2010,6,3,175,False,8.899999999999999,28.849999999999998,0.0,10.849999999999998
2010-06-25,2.1,0.0,30.6,21.7,1099.438,False,2010,6,4,176,False,8.900000000000002,26.15,0.0,8.149999999999999
2010-06-26,1.6,0.0,31.7,21.7,981.62,False,2010,6,5,177,True,10.0,26.7,0.0,8.7
2010-06-27,1.7,0.0,32.8,21.7,1139.964,False,2010,6,6,178,True,11.099999999999998,27.25,0.0,9.25
2010-06-28,3.1,0.3,33.9,24.4,1471.34,False,2010,6,0,179,False,9.5,29.15,0.0,11.149999999999999
2010-06-29,2.9,0.0,32.8,21.1,1367.296,False,2010,6,1,180,False,11.699999999999996,26.95,0.0,8.95
2010-06-30,2.6,0.0,26.1,16.7,1384.136,False,2010,6,2,181,False,9.400000000000002,21.4,0.0,3.3999999999999986
2010-07-01,2.7,0.0,25.0,16.7,1349.002,False,2010,7,3,182,False,8.3,20.85,0.0,2.8500000000000014
2010-07-02,2.2,0.0,27.8,16.1,1140.928,False,2010,7,4,183,False,11.7,21.950000000000003,0.0,3.950000000000003
2010-07-03,1.5,0.0,31.7,18.3,1120.074,False,2010,7,5,184,True,13.399999999999999,25.0,0.0,7.0
2010-07-04,2.4,0.0,35.6,22.8,1538.088,False,2010,7,6,185,True,12.8,29.200000000000003,0.0,11.200000000000003
2010-07-05,1.4,0.0,37.2,24.4,1113.99,False,2010,7,0,186,False,12.800000000000004,30.8,0.0,12.8
2010-07-06,1.5,0.0,39.4,27.2,1005.934,False,2010,7,1,187,False,12.2,33.3,0.0,15.299999999999997
2010-07-07,2.1,0.0,37.8,26.7,834.788,False,2010,7,2,188,False,11.099999999999998,32.25,0.0,14.25
2010-07-08,1.6,0.0,31.7,25.0,1212.652,False,2010,7,3,189,False,6.699999999999999,28.35,0.0,10.350000000000001
2010-07-09,2.5,0.5,32.2,23.9,1083.478,False,2010,7,4,190,False,8.300000000000004,28.05,0.0,10.05
2010-07-10,1.7,0.0,28.3,22.8,1154.504,False,2010,7,5,191,True,5.5,25.55,0.0,7.550000000000001
2010-07-11,1.6,0.0,34.4,21.7,1193.572,False,2010,7,6,192,True,12.7,28.049999999999997,0.0,10.049999999999997
2010-07-12,2.0,0.0,34.4,22.8,1109.574,False,2010,7,0,193,False,11.599999999999998,28.6,0.0,10.600000000000001
2010-07-13,2.2,21.3,28.3,22.8,1382.114,False,2010,7,1,194,False,5.5,25.55,0.0,7.550000000000001
2010-07-14,1.9,11.4,26.1,22.8,1409.472,False,2010,7,2,195,False,3.3000000000000007,24.450000000000003,0.0,6.450000000000003
2010-07-15,2.4,0.0,30.6,22.2,1633.162,False,2010,7,3,196,False,8.400000000000002,26.4,0.0,8.399999999999999
2010-07-16,2.2,0.0,33.9,23.3,820.056,False,2010,7,4,197,False,10.599999999999998,28.6,0.0,10.600000000000001
2010-07-17,2.4,0.0,34.4,24.4,806.352,False,2010,7,5,198,True,10.0,29.4,0.0,11.399999999999999
2010-07-18,2.5,0.0,34.4,25.6,812.038,False,2010,7,6,199,True,8.799999999999997,30.0,0.0,12.0
2010-07-19,1.6,3.8,33.3,22.2,801.158,False,2010,7,0,200,False,11.099999999999998,27.75,0.0,9.75
2010-07-20,1.6,0.0,31.7,23.3,855.824,False,2010,7,1,201,False,8.399999999999999,27.5,0.0,9.5
2010-07-21,1.8,0.0,33.9,24.4,1064.166,False,2010,7,2,202,False,9.5,29.15,0.0,11.149999999999999
2010-07-22,3.0,0.0,32.2,23.3,1164.446,False,2010,7,3,203,False,8.900000000000002,27.75,0.0,9.75
2010-07-23,0.7,17.8,30.6,22.8,1176.158,False,2010,7,4,204,False,7.800000000000001,26.700000000000003,0.0,8.700000000000003
2010-07-24,2.4,0.0,36.1,26.7,921.668,False,2010,7,5,205,True,9.400000000000002,31.4,0.0,13.399999999999999
2010-07-25,2.5,8.9,33.9,21.1,1130.41,False,2010,7,6,206,True,12.799999999999997,27.5,0.0,9.5
2010-07-26,2.9,0.0,30.6,20.0,884.15,False,2010,7,0,207,False,10.600000000000001,25.3,0.0,7.300000000000001
2010-07-27,1.9,0.0,32.8,21.1,952.36,False,2010,7,1,208,False,11.699999999999996,26.95,0.0,8.95
2010-07-28,2.9,0.0,31.7,23.3,862.654,False,2010,7,2,209,False,8.399999999999999,27.5,0.0,9.5
2010-07-29,2.6,2.3,31.7,23.3,549.104,False,2010,7,3,210,False,8.399999999999999,27.5,0.0,9.5
2010-07-30,2.2,0.0,29.4,18.9,551.26,False,2010,7,4,211,False,10.5,24.15,0.0,6.149999999999999
2010-07-31,2.2,0.0,29.4,18.9,554.616,False,2010,7,5,212,True,10.5,24.15,0.0,6.149999999999999
2010-08-01,1.5,0.0,26.7,21.1,555.664,False,2010,8,6,213,True,5.599999999999998,23.9,0.0,5.899999999999999
2010-08-02,2.2,0.0,29.4,20.6,549.482,False,2010,8,0,214,False,8.799999999999997,25.0,0.0,7.0
2010-08-03,3.1,0.0,30.0,22.2,615.212,False,2010,8,1,215,False,7.800000000000001,26.1,0.0,8.100000000000001
2010-08-04,2.4,0.0,32.8,23.9,543.356,False,2010,8,2,216,False,8.899999999999999,28.349999999999998,0.0,10.349999999999998
2010-08-05,3.0,0.5,35.0,25.0,533.476,False,2010,8,3,217,False,10.0,30.0,0.0,12.0
2010-08-06,2.2,0.0,32.2,21.1,524.746,False,2010,8,4,218,False,11.100000000000001,26.650000000000002,0.0,8.650000000000002
2010-08-07,1.6,0.0,30.6,20.0,527.476,False,2010,8,5,219,True,10.600000000000001,25.3,0.0,7.300000000000001
2010-08-08,3.0,0.0,31.7,22.8,528.46,False,2010,8,6,220,True,8.899999999999999,27.25,0.0,9.25
2010-08-09,2.6,0.0,34.4,23.3,535.064,False,2010,8,0,221,False,11.099999999999998,28.85,0.0,10.850000000000001
2010-08-10,1.5,0.0,33.3,25.6,544.758,False,2010,8,1,222,False,7.699999999999996,29.45,0.0,11.45
2010-08-11,2.3,0.0,33.9,24.4,542.002,False,2010,8,2,223,False,9.5,29.15,0.0,11.149999999999999
2010-08-12,2.6,2.3,24.4,20.0,529.698,False,2010,8,3,224,False,4.399999999999999,22.2,0.0,4.199999999999999
2010-08-13,3.3,0.0,27.8,20.0,534.294,False,2010,8,4,225,False,7.800000000000001,23.9,0.0,5.899999999999999
2010-08-14,2.4,0.0,27.8,18.3,554.27,False,2010,8,5,226,True,9.5,23.05,0.0,5.050000000000001
2010-08-15,2.1,4.1,25.0,19.4,1055.986,False,2010,8,6,227,True,5.600000000000001,22.2,0.0,4.199999999999999
2010-08-16,1.8,2.8,30.0,20.6,1129.73,False,2010,8,0,228,False,9.399999999999999,25.3,0.0,7.300000000000001
2010-08-17,1.4,0.0,32.8,23.3,978.202,False,2010,8,1,229,False,9.499999999999996,28.049999999999997,0.0,10.049999999999997
2010-08-22,2.9,42.9,26.7,20.6,93.338,False,2010,8,6,234,True,6.099999999999998,23.65,0.0,5.649999999999999
2010-08-23,3.6,26.7,21.1,18.3,765.658,False,2010,8,0,235,False,2.8000000000000007,19.700000000000003,0.0,1.7000000000000028
2010-08-24,4.4,0.5,21.1,17.8,722.948,False,2010,8,1,236,False,3.3000000000000007,19.450000000000003,0.0,1.4500000000000028
2010-08-25,1.6,25.4,20.6,17.8,980.408,False,2010,8,2,237,False,2.8000000000000007,19.200000000000003,0.0,1.2000000000000028
2010-08-26,2.5,0.0,27.8,18.3,757.252,False,2010,8,3,238,False,9.5,23.05,0.0,5.050000000000001
2010-08-27,1.8,0.0,26.1,16.1,2030.65,False,2010,8,4,239,False,10.0,21.1,0.0,3.1000000000000014
2010-08-28,1.6,0.0,28.3,16.7,1442.856,False,2010,8,5,240,True,11.600000000000001,22.5,0.0,4.5
2010-08-29,1.5,0.0,34.4,19.4,1668.48,False,2010,8,6,241,True,15.0,26.9,0.0,8.899999999999999
2010-08-30,1.6,0.0,33.3,22.2,1494.802,False,2010,8,0,242,False,11.099999999999998,27.75,0.0,9.75
2010-08-31,1.6,0.0,35.6,24.4,1365.106,False,2010,8,1,243,False,11.200000000000003,30.0,0.0,12.0
2010-09-01,1.4,0.0,35.6,24.4,1593.318,False,2010,9,2,244,False,11.200000000000003,30.0,0.0,12.0
2010-09-02,2.7,0.0,34.4,25.6,1392.492,False,2010,9,3,245,False,8.799999999999997,30.0,0.0,12.0
2010-09-03,2.7,0.0,29.4,23.9,1346.414,False,2010,9,4,246,False,5.5,26.65,0.0,8.649999999999999
2010-09-04,4.7,0.0,27.2,17.8,1743.84,False,2010,9,5,247,True,9.399999999999999,22.5,0.0,4.5
2010-09-05,2.3,0.0,25.6,16.1,1323.018,False,2010,9,6,248,True,9.5,20.85,0.0,2.8500000000000014
2010-09-06,1.9,0.0,26.7,15.6,1422.876,False,2010,9,0,249,False,11.1,21.15,0.0,3.1499999999999986
2010-09-07,2.8,0.0,31.7,20.0,1451.854,False,2010,9,1,250,False,11.7,25.85,0.0,7.850000000000001
2010-09-08,3.7,0.0,32.2,18.9,1303.812,False,2010,9,2,251,False,13.300000000000004,25.55,0.0,7.550000000000001
2010-09-09,3.1,0.0,21.1,16.1,1238.714,False,2010,9,3,252,False,5.0,18.6,0.0,0.6000000000000014
2010-09-10,2.5,0.0,23.3,16.1,1328.108,False,2010,9,4,253,False,7.199999999999999,19.700000000000003,0.0,1.7000000000000028
2010-09-11,2.4,0.0,26.1,15.0,1463.31,False,2010,9,5,254,True,11.100000000000001,20.55,0.0,2.5500000000000007
2010-09-12,2.8,3.8,19.4,15.0,1612.092,False,2010,9,6,255,True,4.399999999999999,17.2,0.8000000000000007,0.0
2010-09-13,1.5,3.3,25.0,15.0,1076.32,False,2010,9,0,256,False,10.0,20.0,0.0,2.0
2010-09-14,2.2,0.0,24.4,15.6,1430.678,False,2010,9,1,257,False,8.799999999999999,20.0,0.0,2.0
2010-09-15,2.6,0.0,22.2,13.9,986.094,False,2010,9,2,258,False,8.299999999999999,18.05,0.0,0.05000000000000071
2010-09-16,2.4,11.7,22.2,13.9,1339.738,False,2010,9,3,259,False,8.299999999999999,18.05,0.0,0.05000000000000071
2010-09-17,2.0,1.3,21.7,15.0,1497.608,False,2010,9,4,260,False,6.699999999999999,18.35,0.0,0.3500000000000014
2010-09-18,1.5,0.0,21.1,14.4,1247.946,False,2010,9,5,261,True,6.700000000000001,17.75,0.25,0.0
2010-09-19,1.2,0.0,27.2,16.1,919.6,False,2010,9,6,262,True,11.099999999999998,21.65,0.0,3.6499999999999986
2010-09-20,3.0,0.0,23.3,15.0,1682.832,False,2010,9,0,263,False,8.3,19.15,0.0,1.1499999999999986
2010-09-21,2.2,0.0,23.3,12.2,1111.376,False,2010,9,1,264,False,11.100000000000001,17.75,0.25,0.0
2010-09-22,2.6,3.0,30.6,17.8,1510.394,False,2010,9,2,265,False,12.8,24.200000000000003,0.0,6.200000000000003
2010-09-23,2.2,0.0,27.2,18.9,1449.862,False,2010,9,3,266,False,8.3,23.049999999999997,0.0,5.049999999999997
2010-09-24,1.6,0.0,29.4,19.4,1327.992,False,2010,9,4,267,False,10.0,24.4,0.0,6.399999999999999
2010-09-25,3.2,0.0,31.7,19.4,106.006,False,2010,9,5,268,True,12.3,25.549999999999997,0.0,7.549999999999997
2010-09-28,2.55,8.4,22.8,21.1,470.426,False,2010,9,1,271,False,1.6999999999999993,21.950000000000003,0.0,3.950000000000003
2010-09-29,1.9,0.0,25.6,17.2,1684.426,False,2010,9,2,272,False,8.400000000000002,21.4,0.0,3.3999999999999986
2010-09-30,1.9,27.9,23.9,20.6,1248.278,False,2010,9,3,273,False,3.299999999999997,22.25,0.0,4.25
2010-10-01,1.9,62.5,23.3,15.0,1504.82,False,2010,10,4,274,False,8.3,19.15,0.0,1.1499999999999986
2010-10-02,1.9,0.0,18.9,11.1,1923.254,False,2010,10,5,275,True,7.799999999999999,15.0,3.0,0.0
2010-10-03,5.1,0.8,17.8,10.0,1830.684,False,2010,10,6,276,True,7.800000000000001,13.9,4.1,0.0
2010-10-04,4.4,8.6,12.8,11.1,1775.96,False,2010,10,0,277,False,1.700000000000001,11.95,6.050000000000001,0.0
2010-10-05,3.5,0.0,16.1,11.7,1854.624,False,2010,10,1,278,False,4.400000000000002,13.9,4.1,0.0
2010-10-06,2.5,0.0,17.8,12.2,1315.456,False,2010,10,2,279,False,5.600000000000001,15.0,3.0,0.0
2010-10-07,3.4,0.0,21.7,11.7,1809.954,False,2010,10,3,280,False,10.0,16.7,1.3000000000000007,0.0
2010-10-08,2.8,0.0,22.8,12.2,1510.456,False,2010,10,4,281,False,10.600000000000001,17.5,0.5,0.0
2010-10-09,2.5,0.0,22.2,12.2,1611.78,False,2010,10,5,282,True,10.0,17.2,0.8000000000000007,0.0
2010-10-10,1.8,0.0,20.6,7.8,1998.904,False,2010,10,6,283,True,12.8,14.200000000000001,3.799999999999999,0.0
2010-10-11,1.0,28.7,23.9,13.9,1622.59,False,2010,10,0,284,False,9.999999999999998,18.9,0.0,0.8999999999999986
2010-10-12,1.7,2.3,20.6,12.2,1579.692,False,2010,10,1,285,False,8.400000000000002,16.4,1.6000000000000014,0.0
2010-10-13,2.0,0.0,17.8,8.9,2073.886,False,2010,10,2,286,False,8.9,13.350000000000001,4.649999999999999,0.0
2010-10-14,1.5,15.5,17.2,10.0,2135.122,False,2010,10,3,287,False,7.199999999999999,13.6,4.4,0.0
2010-10-15,5.1,0.5,13.9,9.4,1596.324,False,2010,10,4,288,False,4.5,11.65,6.35,0.0
2010-10-16,4.7,0.0,14.4,10.0,1000.014,False,2010,10,5,289,True,4.4,12.2,5.800000000000001,0.0
2010-10-17,2.3,0.0,20.6,8.9,1047.382,False,2010,10,6,290,True,11.700000000000001,14.75,3.25,0.0
2010-10-18,2.6,0.0,15.6,10.0,2713.884,False,2010,10,0,291,False,5.6,12.8,5.199999999999999,0.0
2010-10-19,1.2,0.8,15.0,8.3,1925.978,False,2010,10,1,292,False,6.699999999999999,11.65,6.35,0.0
2010-10-20,1.6,0.0,15.0,8.3,1727.964,False,2010,10,2,293,False,6.699999999999999,11.65,6.35,0.0
2010-10-21,3.3,0.3,16.7,9.4,1355.198,False,2010,10,3,294,False,7.299999999999999,13.05,4.949999999999999,0.0
2010-10-22,3.4,0.0,11.7,7.8,1668.892,False,2010,10,4,295,False,3.8999999999999995,9.75,8.25,0.0
2010-10-23,2.3,0.0,17.8,6.7,2293.236,False,2010,10,5,296,True,11.100000000000001,12.25,5.75,0.0
2010-10-24,1.5,0.0,20.0,11.7,2390.548,False,2010,10,6,297,True,8.3,15.85,2.1500000000000004,0.0
2010-10-25,2.1,0.0,23.3,12.2,1163.292,False,2010,10,0,298,False,11.100000000000001,17.75,0.25,0.0
2010-10-26,2.8,0.0,22.2,17.2,945.904,False,2010,10,1,299,False,5.0,19.7,0.0,1.6999999999999993
2010-10-27,2.6,4.8,23.9,18.3,1260.278,False,2010,10,2,300,False,5.599999999999998,21.1,0.0,3.1000000000000014
2010-10-28,3.1,0.0,23.3,13.3,1463.326,False,2010,10,3,301,False,10.0,18.3,0.0,0.3000000000000007
2010-10-29,4.3,0.0,13.9,8.3,1204.422,False,2010,10,4,302,False,5.6,11.100000000000001,6.899999999999999,0.0
2010-10-30,3.3,0.0,13.9,5.6,2152.7,False,2010,10,5,303,True,8.3,9.75,8.25,0.0
2010-10-31,3.8,0.0,14.4,5.6,1476.43,False,2010,10,6,304,True,8.8,10.0,8.0,0.0
2010-11-01,2.6,0.0,9.4,2.8,1383.18,False,2010,11,0,305,False,6.6000000000000005,6.1,11.9,0.0
2010-11-02,1.4,0.0,10.0,2.2,1191.082,False,2010,11,1,306,False,7.8,6.1,11.9,0.0
2010-11-03,1.7,0.0,12.2,5.0,1293.298,False,2010,11,2,307,False,7.199999999999999,8.6,9.4,0.0
2010-11-04,3.0,27.7,10.6,8.3,2555.146,False,2010,11,3,308,False,2.299999999999999,9.45,8.55,0.0
2010-11-05,2.4,1.3,11.1,7.2,1736.088,False,2010,11,4,309,False,3.8999999999999995,9.15,8.85,0.0
2010-11-06,2.4,0.0,10.6,4.4,1805.408,False,2010,11,5,310,True,6.199999999999999,7.5,10.5,0.0
2010-11-07,3.1,0.0,10.6,2.2,1673.816,False,2010,11,6,311,True,8.399999999999999,6.4,11.6,0.0
2010-11-08,4.6,1.0,7.2,4.4,1825.54,False,2010,11,0,312,False,2.8,5.800000000000001,12.2,0.0
2010-11-09,3.6,0.0,12.2,5.0,2022.098,False,2010,11,1,313,False,7.199999999999999,8.6,9.4,0.0
2010-11-10,3.4,0.0,13.3,7.8,1946.534,False,2010,11,2,314,False,5.500000000000001,10.55,7.449999999999999,0.0
2010-11-11,3.0,0.0,13.3,5.6,1773.592,False,2010,11,3,315,False,7.700000000000001,9.45,8.55,0.0
2010-11-12,2.6,0.0,16.7,7.2,1836.822,False,2010,11,4,316,False,9.5,11.95,6.050000000000001,0.0
2010-11-13,1.4,0.0,17.8,7.8,2023.174,False,2010,11,5,317,True,10.0,12.8,5.199999999999999,0.0
2010-11-14,1.6,0.0,16.1,7.8,2038.392,False,2010,11,6,318,True,8.3,11.950000000000001,6.049999999999999,0.0
2010-11-15,2.5,0.0,13.9,10.0,1747.382,False,2010,11,0,319,False,3.9000000000000004,11.95,6.050000000000001,0.0
2010-11-16,3.0,11.4,15.0,11.1,1509.748,False,2010,11,1,320,False,3.9000000000000004,13.05,4.949999999999999,0.0
2010-11-17,4.8,5.3,15.6,10.6,1582.032,False,2010,11,2,321,False,5.0,13.1,4.9,0.0
2010-11-18,3.2,0.0,12.8,7.2,1652.152,False,2010,11,3,322,False,5.6000000000000005,10.0,8.0,0.0
2010-11-19,2.6,0.0,8.9,4.4,1570.4,False,2010,11,4,323,False,4.5,6.65,11.35,0.0
2010-11-20,3.4,0.0,12.8,5.0,2197.006,False,2010,11,5,324,True,7.800000000000001,8.9,9.1,0.0
2010-11-21,2.7,0.0,8.9,3.9,900.91,False,2010,11,6,325,True,5.0,6.4,11.6,0.0
2010-11-22,2.7,0.0,18.3,7.2,2041.536,False,2010,11,0,326,False,11.100000000000001,12.75,5.25,0.0
2010-11-23,3.1,0.0,16.1,10.0,1577.536,False,2010,11,1,327,False,6.100000000000001,13.05,4.949999999999999,0.0
2010-11-24,4.3,0.0,10.0,5.0,1796.248,False,2010,11,2,328,False,5.0,7.5,10.5,0.0
2010-11-25,1.6,1.5,7.8,3.9,1431.164,False,2010,11,3,329,False,3.9,5.85,12.15,0.0
2010-11-26,3.1,4.1,11.7,3.3,1488.104,False,2010,11,4,330,False,8.399999999999999,7.5,10.5,0.0
